-- phpMyAdmin SQL Dump
-- version 5.0.2
-- https://www.phpmyadmin.net/
--
-- Host: 127.0.0.1
-- Generation Time: Dec 01, 2020 at 04:41 AM
-- Server version: 10.4.14-MariaDB
-- PHP Version: 7.4.10
SET
    SQL_MODE = "NO_AUTO_VALUE_ON_ZERO";

START TRANSACTION;

SET
    time_zone = "+00:00";

/*!40101 SET @OLD_CHARACTER_SET_CLIENT=@@CHARACTER_SET_CLIENT */
;

/*!40101 SET @OLD_CHARACTER_SET_RESULTS=@@CHARACTER_SET_RESULTS */
;

/*!40101 SET @OLD_COLLATION_CONNECTION=@@COLLATION_CONNECTION */
;

/*!40101 SET NAMES utf8mb4 */
;

--
-- Database: `azlearndb`
--
-- --------------------------------------------------------
--
-- Dumping data for table `cohort`
--
INSERT INTO
    `cohort` (
        `CohortId`,
        `Name`,
        `Capacity`,
        `ModeOfTeaching`,
        `StartDate`,
        `EndDate`,
        `City`,
        `Archive`
    )
VALUES
    (
        1,
        'Cohort 4.0',
        40,
        'In-person',
        '2020-02-01',
        '2020-08-31',
        'Edmonton',
        0
    ),
    (
        2,
        'Cohort 4.1',
        20,
        'Remote',
        '2020-07-01',
        '2020-12-31',
        'Edmonton',
        0
    ),
    (
        3,
        'Cohort 4.2',
        20,
        'Remote',
        '2020-08-04',
        '2021-01-31',
        'Edmonton',
        0
    );

-- --------------------------------------------------------
--
-- Dumping data for table `user`
--
INSERT INTO
    `user` (
        `UserId`,
        `CohortId`,
        `Name`,
        `PasswordHash`,
        `Email`,
        `IsInstructor`,
        `Archive`
    )
VALUES
    (
        1,
        NULL,
        'Warren Uhrich',
        'abc.123',
        'warren.uhrich@azlearn.ca',
        1,
        0
    ),
    (
        2,
        NULL,
        'Tammy Valgardson',
        'abc.123',
        'tammy.valgardson@azlearn.ca',
        1,
        0
    ),
    (
        3,
        NULL,
        'James Grieve',
        'abc.123',
        'james.grieve@azlearn.ca',
        1,
        0
    ),
    (
        4,
        NULL,
        'Aaron Champagne',
        'abc.123',
        'aaron.champagne@azlearn.ca',
        1,
        0
    ),
    (
        5,
        NULL,
        'Bo Cen',
        'abc.123',
        'bo.cen@azlearn.ca',
        1,
        0
    ),
    (
        6,
        NULL,
        'Kevin Moffitt',
        'abc.123',
        'kevin.moffitt@azlearn.ca',
        1,
        0
    ),
    (
        7,
        3,
        'Mario Speedwagon',
        'abc.123',
        'mario.speedwagon@azlearn.ca',
        0,
        0
    ),
    (
        8,
        3,
        'Petey Cruiser',
        'abc.123',
        'mario.speedwagon@azlearn.ca',
        0,
        0
    ),
    (
        9,
        3,
        'Anna Sthesia',
        'abc.123',
        'anna.sthesia@azlearn.ca',
        0,
        0
    ),
    (
        10,
        3,
        'Paul Molive',
        'abc.123',
        'paul.molive@azlearn.ca',
        0,
        0
    ),
    (
        11,
        3,
        'Anna Mull',
        'abc.123',
        'anna.mull@azlearn.ca',
        0,
        0
    ),
    (
        12,
        3,
        'Gail Forcewind',
        'abc.123',
        'gail.forcewind@azlearn.ca',
        0,
        0
    ),
    (
        13,
        3,
        'Paige Turner',
        'abc.123',
        'paige.turner@azlearn.ca',
        0,
        0
    ),
    (
        14,
        3,
        'Bob Frapples',
        'abc.123',
        'bob.frapples@azlearn.ca',
        0,
        0
    ),
    (
        15,
        3,
        'Walter Melon',
        'abc.123',
        'walter.melon@azlearn.ca',
        0,
        0
    ),
    (
        16,
        3,
        'Nick R. Bocker',
        'abc.123',
        'nick.r.bocker@azlearn.ca',
        0,
        0
    ),
    (
        17,
        3,
        'Barb Ackue',
        'abc.123',
        'barb.ackue@azlearn.ca',
        0,
        0
    ),
    (
        18,
        3,
        'Buck Kinnear',
        'abc.123',
        'buck.kinnear@azlearn.ca',
        0,
        0
    ),
    (
        19,
        3,
        'Greta Life',
        'abc.123',
        'greta.life@azlearn.ca',
        0,
        0
    ),
    (
        20,
        3,
        'Ira Membrit',
        'abc.123',
        'ira.membrit@azlearn.ca',
        0,
        0
    ),
    (
        21,
        3,
        'Shonda Leer',
        'abc.123',
        'shonda.leer@azlearn.ca',
        0,
        0
    ),
    (
        22,
        3,
        'Brock Lee',
        'abc.123',
        'brock.lee@azlearn.ca',
        0,
        0
    ),
    (
        23,
        3,
        'Maya Didas',
        'abc.123',
        'maya.didas@azlearn.ca',
        0,
        0
    ),
    (
        24,
        3,
        'Rick OShea',
        'abc.123',
        'rick.oshea@azlearn.ca',
        0,
        0
    ),
    (
        25,
        3,
        'Pete Sariya',
        'abc.123',
        'pete.sariya@azlearn.ca',
        0,
        0
    ),
    (
        26,
        3,
        'Monty Carlo',
        'abc.123',
        'monty.carlo@azlearn.ca',
        0,
        0
    );

-- --------------------------------------------------------
--
-- Dumping data for table `course`
--
INSERT INTO
    `course` (
        `CourseId`,
        `Name`,
        `Description`,
        `DurationHrs`,
        `Archive`
    )
VALUES
    (
        1,
        'C# Introduction',
        'Introduction to C# syntax, keywords, variables, control flow, comments, errors, exceptions, bugs and version control',
        24.00,
        0
    ),
    (
        2,
        'Version Control Using Git',
        'Software code base version control management using git and GitHub environment',
        3.75,
        0
    ),
    (
        3,
        'HTML\\CSS Fundamentals',
        'HTML5 fundamentals, semantic tags, semantic Elements , web controls, forms and basic validation',
        2.50,
        0
    ),
    (
        4,
        'CSS Advanced',
        'Theory, syntax, colors, selectors, attributes and layout models (box model, grid, etc.).',
        8.25,
        0
    ),
    (
        5,
        'JavaScript Fundamentals',
        'Variables, Strings, Functions, DOM, Events, API, Postman, AJAX, Fetch, JSON, Classes and Objects',
        15.75,
        0
    ),
    (
        6,
        'Reactjs',
        'Basic Intro; Install NPM; create-react-app, Components, Props, Events and State',
        8.75,
        0
    ),
    (
        7,
        'React-Redux',
        'Actions, Reducers, Store and React-Router-Dom',
        3.75,
        0
    ),
    (
        8,
        'PHP',
        'Basics, Global, Forms, Post, Get, Session, OOP, JSON and Files and API',
        16.50,
        0
    ),
    (
        9,
        'WordPress',
        'WordPress Introduction, WordPress Custom Theme and Plugin',
        16.15,
        0
    ),
    (
        10,
        'Database SQL',
        'ERD, Tables, Insert, Select, Join, Subquery, update and delete',
        19.25,
        0
    ),
    (
        11,
        'C# OOP',
        'Syntax, Decisions, Iteration, Collections, Functions and Exceptions. OOP Properties, Methods, Constructors, Inheritance, Polymorphism. XUnit Theories and Facts. Collections and LINQ. Entity Framework Database First and Code First',
        30.25,
        0
    ),
    (
        12,
        'DotNet Core',
        'MVC Core with EF, MVC Core with Static List, Business Logic and Validation, Security and Filtering, API, Reactjs with DotNet Core',
        22.50,
        0
    ),
    (
        13,
        'Milestone Project 1',
        'Milestone project at the end of each major series of courses - Programming basics conclusion',
        40.00,
        0
    ),
    (
        14,
        'Milestone Project 2',
        'Milestone project at the end of each major series of courses (React/Redux) - Frontend conclusion ',
        40.00,
        0
    ),
    (
        15,
        'Capstone Project',
        'Program conclusion project',
        120.00,
        0
    );

-- --------------------------------------------------------
--
-- Dumping data for table `cohortcourse`
--
INSERT INTO
    `cohortcourse` (
        `CohortId`,
        `CourseId`,
        `InstructorId`,
        `StartDate`,
        `EndDate`,
        `ResourcesLink`,
        `Archive`
    )
VALUES
    (
        3,
        1,
        3,
        '2020-08-10',
        '2020-08-14',
        'https://drive.google.com/drive/u/1/folders/1g1gJmXjl14GbbTZDKjQ3A55RBxXY0GGN',
        0
    ),
    (
        3,
        2,
        3,
        '2020-08-10',
        '2020-08-14',
        'https://drive.google.com/drive/u/1/folders/1hD1Xi8bTwxc7DUtP73HEBJb67HBRAtss',
        0
    ),
    (
        3,
        3,
        3,
        '2020-08-17',
        '2020-08-17',
        'https://drive.google.com/drive/u/1/folders/1Pa7joK3oA_SD9CVNvabL1GZeXtlOVyJt',
        0
    ),
    (
        3,
        4,
        1,
        '2020-08-17',
        '2020-08-19',
        'https://drive.google.com/drive/u/1/folders/1aovcOq8XnhXE0PXYVqGJv8jjMwqfsgYa',
        0
    ),
    (
        3,
        5,
        1,
        '2020-08-21',
        '2020-08-27',
        'https://drive.google.com/drive/u/1/folders/1bDH7fwIe-TZJ2x7zWtg6H4jnAE4sSBuF',
        0
    ),
    (
        3,
        6,
        1,
        '2020-09-09',
        '2020-09-11',
        'https://drive.google.com/drive/u/1/folders/1fVxjYSfAA3ObX42u1AGLeQUpEpXs6MBb',
        0
    ),
    (
        3,
        7,
        1,
        '2020-09-14',
        '2020-09-16',
        'https://drive.google.com/drive/u/1/folders/1fVxjYSfAA3ObX42u1AGLeQUpEpXs6MBb',
        0
    ),
    (
        3,
        8,
        1,
        '2020-09-30',
        '2020-10-05',
        'https://drive.google.com/drive/u/1/folders/1o7yG1O4_sjf4uvow9OZq_TpvqO5PZYCI',
        0
    ),
    (
        3,
        9,
        1,
        '2020-10-06',
        '2020-10-07',
        'https://drive.google.com/drive/u/1/folders/1o7yG1O4_sjf4uvow9OZq_TpvqO5PZYCI',
        0
    ),
    (
        3,
        10,
        2,
        '2020-10-08',
        '2020-10-15',
        'https://drive.google.com/drive/u/1/folders/1d0dGorhiNkZREPnEC_pSRawM4Pr7viV1',
        0
    ),
    (
        3,
        11,
        3,
        '2020-10-19',
        '2020-10-30',
        'https://drive.google.com/drive/u/1/folders/14GjgVCiD9IRmbvyJaUEOBDGrT2hicVSm',
        0
    ),
    (
        3,
        12,
        3,
        '2020-11-02',
        '2020-11-11',
        'https://drive.google.com/drive/u/1/folders/1UlaZ4F_JDzmX1AGQ4TeKgLKm-FFt8iH2',
        0
    ),
    (3, 13, 1, '2020-08-28', '2020-09-08', NULL, 0),
    (3, 14, 1, '2020-09-21', '2020-09-28', NULL, 0),
    (3, 15, 3, '2020-11-12', '2020-12-08', NULL, 0);

-- --------------------------------------------------------
--
-- Dumping data for table `homework`
--
INSERT INTO
    `homework` (
        `HomeworkId`,
        `CourseId`,
        `CohortId`,
        `InstructorId`,
        `IsAssignment`,
        `Title`,
        `AvgCompletionTime`,
        `DueDate`,
        `ReleaseDate`,
        `DocumentLink`,
        `GitHubClassRoomLink`,
        `Archive`
    )
VALUES
    (
        1,
        1,
        3,
        3,
        0,
        'Hello World, Hello User, Hello Everybody',
        8.00,
        '2020-08-10 09:00:00',
        '2020-07-27 15:00:00',
        'https://drive.google.com/file/d/1HMcsRK8GZcZRZM_vUtHfzhMCDjuz0mTD/view?usp=sharing',
        NULL,
        0
    ),
    (
        2,
        1,
        3,
        3,
        0,
        'C# Introduction - Decisions, Iteration & Encapsulation',
        8.00,
        '2020-08-10 09:00:00',
        '2020-07-27 15:00:00',
        'https://docs.google.com/document/d/1bOgO0EVGk3p7MCTKn52xccLlAGzOKiaAR5z4BflFO6w/edit?usp=sharing',
        NULL,
        0
    ),
    (
        3,
        1,
        3,
        3,
        0,
        'C# Grade Translator Practice',
        3.00,
        '2020-08-12 09:00:00',
        '2020-08-11 12:00:00',
        'https://docs.google.com/document/d/1b79eVDVocMKODBhrPpzmTzbv2eQp_49_8OQDZje1rj4/edit?usp=sharing',
        'https://classroom.github.com/a/Od5gQZd3',
        0
    ),
    (
        4,
        1,
        3,
        3,
        0,
        'C# Letter Remover Practice',
        3.00,
        '2020-08-13 09:00:00',
        '2020-08-12 09:00:00',
        'https://docs.google.com/document/d/1Fq9o3fYC1ytjkvYCTFtpw2kmpiHBaJ3JAe7l3ge4eV0/edit',
        'https://classroom.github.com/a/zxnEZ6LO',
        0
    ),
    (
        5,
        1,
        3,
        3,
        0,
        'C# Odd/Even Sorter Practice',
        3.00,
        '2020-08-14 09:00:00',
        '2020-08-13 09:00:00',
        'https://docs.google.com/document/d/12yowRZrOlWj8_xwrUsmkVESl87OVKpSJWFGrux66f1Q/edit',
        'https://classroom.github.com/a/TwRRF9c-',
        0
    ),
    (
        6,
        1,
        3,
        3,
        1,
        'C# Assignment - CRUD',
        8.00,
        '2020-08-17 09:00:00',
        '2020-08-14 12:00:00',
        'https://docs.google.com/document/d/13YDsWM5jF_yXE7JMDyhAaeAYZcQEO3C8VInZaHI0_DM/edit',
        'https://classroom.github.com/a/jMHbRDUC',
        0
    ),
    (
        7,
        3,
        3,
        3,
        0,
        'HTML/CSS Recipe Page Practice',
        2.00,
        '2020-08-18 09:00:00',
        '2020-08-17 09:00:00',
        'https://docs.google.com/document/d/1A8bdl90kAc9J1UR13gsh08kW-Pwajvt_YWfewWqzxIM/edit',
        'https://classroom.github.com/a/JLu-3ZyA',
        0
    ),
    (
        8,
        3,
        3,
        3,
        1,
        'HTML/CSS Movie Page(s) Assignment',
        2.50,
        '2020-08-20 09:00:00',
        '2020-08-19 09:00:00',
        'https://docs.google.com/document/d/15Kz6uVkrX-7lOl33dn1fN8PPzRLVb2wIBQP4bUFB3T0/edit',
        'https://classroom.github.com/a/eqdL07Xr',
        0
    ),
    (
        9,
        4,
        3,
        1,
        0,
        'HTML/CSS Grid Layout Practice',
        3.00,
        '2020-08-21 09:00:00',
        '2020-08-20 09:00:00',
        'https://docs.google.com/document/d/1rSrGgTbIZR-KsNPAn9aMM_HyLRN-WFcc7hZ3RE-mU5A/edit',
        'https://classroom.github.com/a/FtXWsrBO',
        0
    ),
    (
        10,
        5,
        3,
        1,
        0,
        'JavaScript Practice - To-Do',
        6.00,
        '2020-08-25 09:00:00',
        '2020-08-24 09:00:00',
        'https://docs.google.com/document/d/1jVnMg-j4rfqtec6a6IB0bG9HLecoEDXUJlPgGaEeyd0/edit',
        'https://classroom.github.com/a/DZ4liGw4',
        0
    ),
    (
        13,
        5,
        3,
        1,
        1,
        'JavaScript Exercise - Blog',
        3.00,
        '2020-08-26 09:00:00',
        '2020-08-25 09:00:00',
        'https://docs.google.com/document/d/1CnYPZ8gSpJDzck3VzzsRV0mXgtN_SAa9vuTbYkCD_qo/edit',
        'https://classroom.github.com/a/v_wjwKcr',
        0
    ),
    (
        14,
        5,
        3,
        1,
        0,
        'JavaScript AJAX / API Assignment',
        2.00,
        '2020-08-27 09:00:00',
        '2020-08-26 09:00:00',
        'https://docs.google.com/document/d/1CcFq0WFupvnk2AA4Go6ZMd2s4tVZX4ly_ocPY4HHkBY/edit',
        'https://classroom.github.com/a/3o9Mvoyh',
        0
    ),
    (
        15,
        5,
        3,
        1,
        1,
        'JavaScript Assignment - Hangman',
        8.00,
        '2020-08-28 09:00:00',
        '2020-08-27 09:00:00',
        'https://docs.google.com/document/d/1vjaV1PrCgSdz66g8iH_HF7fmpPa_xvaaBZyvmaO_MFQ/edit',
        'https://classroom.github.com/a/WxIdyrHK',
        0
    ),
    (
        16,
        13,
        3,
        1,
        1,
        'Milestone 1: Front-End Project - Resume with Validating Contact Form',
        40.00,
        '2020-08-28 15:00:00',
        '2020-09-08 09:00:00',
        'https://docs.google.com/document/d/1rTWkjAguu10WuYsdmlIpvv5Ukd0pZWbzlbpNctVKN4M/edit',
        'https://classroom.github.com/a/2yASDtww',
        0
    ),
    (
        17,
        13,
        3,
        1,
        1,
        'Milestone 1 Reflection',
        2.00,
        '2020-09-10 09:00:00',
        '2020-09-09 09:00:00',
        'https://docs.google.com/document/d/1MB2msJ82SFVwnO7tOZs5-i6xs3a3wOtNEUZdGBKs7nI/edit',
        NULL,
        0
    );

-- --------------------------------------------------------
--
-- Dumping data for table `rubric`
--
INSERT INTO
    `rubric` (
        `RubricId`,
        `HomeworkId`,
        `IsChallenge`,
        `Criteria`,
        `Weight`,
        `Archive`
    )
VALUES
    (
        1,
        6,
        0,
        'Allow the user to add an item to the dataset',
        1,
        0
    ),
    (
        2,
        6,
        0,
        'Allow the user to display the dataset with the items numbered, starting at number 1 (not 0). If there are less than 10 items, do not display the numbers for items that aren’t populated.',
        2,
        0
    ),
    (
        3,
        6,
        0,
        'Have a basic menu to select between the above two items, and exit.',
        1,
        0
    ),
    (
        4,
        6,
        0,
        'Limit the number of items the user can enter to 10.',
        1,
        0
    ),
    (
        5,
        6,
        0,
        'Exit the program when the user enters a sentinel value of your choice (make sure to tell the user what it is).',
        1,
        0
    ),
    (
        6,
        6,
        0,
        'Program.cs has a docstring at the top with the title, purpose, your name and last modified date.',
        1,
        0
    ),
    (
        7,
        6,
        0,
        'Variable names are semantic, and in camelCase.',
        1,
        0
    ),
    (
        8,
        6,
        0,
        'Code is well formatted, code blocks are indented.',
        1,
        0
    ),
    (
        9,
        6,
        0,
        'Code is well structured, every code block has one entrance and one exit (excluding try blocks), break (except in switches), continue, goto and Environment.Exit() are not used. One return per method.',
        1,
        0
    ),
    (10, 6, 0, 'Timesheet is submitted.', 1, 0),
    (
        11,
        6,
        0,
        'Repository has a commit history (not just one commit at the end).Commit messages provide insight into what changes were made.',
        2,
        0
    ),
    (
        12,
        6,
        0,
        'Repository has a README.md. README.md has a Trello link and Trello is public. README.md has a citations summary.',
        3,
        0
    ),
    (
        13,
        6,
        0,
        'Repository has a .gitignore file filtering for Visual Studio Code, Visual Studio, DotNET Core, Windows, MacOS and Linux (http://gitignore.io), and it was added in time to stop unnecessary files being tracked.',
        1,
        0
    ),
    (
        15,
        6,
        1,
        'Allow the user to edit an item. Allow the user to select the item for editing using either number or value.',
        2,
        0
    ),
    (
        16,
        6,
        1,
        'Allow the user to delete an item. Allow the user to select the item for deletion using either number or value.',
        2,
        0
    ),
    (
        17,
        6,
        1,
        'Create methods for each function (create, read, update, delete). Use PascalCase for method names. Create a method that does the prompting and validation of the input of an item and performs any modifications (trimming, etc.) before returning the vali',
        2,
        0
    ),
    (
        18,
        6,
        1,
        'Sort the dataset however is appropriate for your data set (alphabetically, by length, etc.) whenever an item is added or edited.',
        1,
        0
    ),
    (
        19,
        6,
        1,
        'Prevent duplicate items from being added to the list. Make duplication checking case-insensitive.',
        2,
        0
    ),
    (
        20,
        6,
        1,
        'Trim inputs of trailing and leading whitespace before adding them to the list (create / edit). If duplication checking, make this trim before checking for duplicates.',
        2,
        0
    ),
    (
        21,
        6,
        1,
        'Prevent empty inputs from being added.',
        1,
        0
    ),
    (
        22,
        6,
        1,
        'Add an additional validation requirement that is appropriate for your data set.',
        1,
        0
    ),
    (
        23,
        6,
        1,
        'Add import and export options that will prompt the user for a file name, and write or read to/from that file name if it exists. The default relative pathing (inside the bin folder) is fine.',
        1,
        0
    ),
    (
        24,
        6,
        1,
        'Convert from using arrays to using the List<> object, and allow dynamically sized lists (more than 10).',
        1,
        0
    ),
    (
        25,
        6,
        1,
        'Add an unexpected / unique feature.',
        1,
        0
    ),
    (
        26,
        8,
        0,
        'Both pages have a consistent main header, navigation, and footer',
        1,
        0
    ),
    (
        27,
        8,
        0,
        'The movie page makes appropriate use of the <figure> element',
        1,
        0
    ),
    (
        28,
        8,
        0,
        'Include a sensible use of WordPress’ “screen-reader-text” class CSS',
        1,
        0
    ),
    (
        29,
        8,
        0,
        'Include one font manually (download the font files and ensure they are visible in your webpage)',
        1,
        0
    ),
    (
        30,
        8,
        0,
        'Include one font via Google Fonts',
        1,
        0
    ),
    (
        31,
        8,
        0,
        'Make use of either… A) background-image B) float (only on an <img>)',
        1,
        0
    ),
    (
        32,
        8,
        0,
        'Avoid ID-itis and class-itis, show use of pseudo-selectors - get creative in how you select',
        1,
        0
    ),
    (
        33,
        8,
        0,
        'Use CSS to make your page look professional',
        1,
        0
    ),
    (
        34,
        8,
        0,
        'Both your HTML and CSS pages validate, and there are no untitled sections in the document outline (see useful links repo)',
        1,
        0
    ),
    (35, 8, 1, 'Add another movie page', 1, 0),
    (
        36,
        8,
        1,
        'Add a contact page with a <form>',
        1,
        0
    ),
    (
        37,
        8,
        1,
        'Learn about a new CSS rule or feature and implement it in an obvious / interesting way',
        1,
        0
    ),
    (
        38,
        8,
        1,
        'Implement CSS flex in an appropriate place and way',
        1,
        0
    ),
    (
        39,
        8,
        1,
        'Implement media queries (remember: think mobile first - this means using min-width carefully)',
        1,
        0
    ),
    (
        40,
        15,
        0,
        'User can make a guess: User can enter guess.',
        1,
        0
    ),
    (
        41,
        15,
        0,
        'User can make a guess: Incorrect guesses decrement the Chances counter.',
        1,
        0
    ),
    (
        42,
        15,
        0,
        'User can make a guess: Incorrect guesses appear in Previous Guesses.',
        1,
        0
    ),
    (
        43,
        15,
        0,
        'User can make a guess: Correct guesses alter the way the word is displayed showing all instances of the correctly guessed letter.',
        1,
        0
    ),
    (
        44,
        15,
        0,
        'User can win: If the user guesses all the letters in the word before they run out of chances then a win message is displayed to the user.',
        1,
        0
    ),
    (
        45,
        15,
        0,
        'User can lose: If the user guesses incorrectly and runs out of chances then a lose message is displayed to the user.',
        1,
        0
    ),
    (
        46,
        15,
        0,
        'User can play again: After the win/lose message is displayed a new game is started.',
        1,
        0
    ),
    (
        47,
        15,
        0,
        'User can play again: The new word is not the same as the old word.',
        1,
        0
    ),
    (48, 15, 0, 'Timesheet is submitted.', 1, 0),
    (
        49,
        15,
        0,
        'Repository has a README.md. README.md has a Trello link and Trello is public.',
        1,
        0
    ),
    (
        50,
        15,
        0,
        'README.md has a citations summary.',
        1,
        0
    ),
    (
        51,
        15,
        1,
        'Make guesses case-insensitive.',
        1,
        0
    ),
    (
        52,
        15,
        1,
        'CSS and C.A.R.P. principles are used to make a nice design',
        1,
        0
    ),
    (
        53,
        15,
        1,
        'Make the game two-player where each player has their own chances',
        1,
        0
    ),
    (
        54,
        15,
        1,
        'Use html and css to draw an actual hangman or display images of the hangman',
        1,
        0
    ),
    (55, 16, 0, 'Assignment submitted on time.', 1, 0),
    (
        56,
        16,
        0,
        'Resume is free of spelling and grammar errors.',
        1,
        0
    ),
    (
        57,
        16,
        0,
        'Contact form will not permit any Battlestar Galactica swears: [\"feldercarb\", \"frack\", \"skinjob\", \"vulgacarb\"]',
        1,
        0
    ),
    (
        58,
        16,
        0,
        'Resume web page has a github link.',
        1,
        0
    ),
    (
        59,
        16,
        0,
        'Repository on Github Repository has consistent commits (not just a few commits the day before it is due). Commit messages describe the code changes within the commit.',
        2,
        0
    ),
    (
        60,
        16,
        0,
        'Repository has a README.md. README.md has a Trello link and Trello is public. README.md has a citations summary.',
        2,
        0
    ),
    (
        61,
        16,
        0,
        'Any “borrowed” code has in-line comment citations.',
        1,
        0
    ),
    (
        62,
        16,
        0,
        'Commented out code has been removed.',
        1,
        0
    ),
    (63, 16, 0, 'No W3C CSS validator errors.', 1, 0),
    (
        64,
        16,
        0,
        'Reset script is linked properly so as to not overwrite any custom styles.',
        1,
        0
    ),
    (
        65,
        16,
        0,
        'CSS selectors are only as specific as they need to be.',
        1,
        0
    ),
    (
        66,
        16,
        0,
        'Hex codes or rgb/rgba values are used for colours. Not named colours (red, blue, chartreuse).',
        1,
        0
    ),
    (
        67,
        16,
        0,
        'Absolute and relative positioning are not used (top, bottom, left, right properties).',
        1,
        0
    ),
    (
        68,
        16,
        0,
        '*Fixed or sticky is okay for your navigation.',
        1,
        0
    ),
    (
        69,
        16,
        0,
        'Responsive layout for mobile devices is included, and is the base styleset (mobile first, no media query therefore).',
        1,
        0
    ),
    (
        70,
        16,
        0,
        'Responsive layout for tablets is included.',
        1,
        0
    ),
    (
        71,
        16,
        0,
        'Responsive layout for desktop computers is included.',
        1,
        0
    ),
    (
        72,
        16,
        0,
        'Website demonstrates good use of Contrast.',
        1,
        0
    ),
    (
        73,
        16,
        0,
        'Website demonstrates good use of Alignment.',
        1,
        0
    ),
    (
        74,
        16,
        0,
        'Website demonstrates good use of Repetition.',
        1,
        0
    ),
    (
        75,
        16,
        0,
        'Website demonstrates good use of Proximity.',
        1,
        0
    ),
    (76, 16, 0, 'CSS is properly indented.', 1, 0),
    (77, 16, 0, 'No W3C HTML validator errors.', 1, 0),
    (
        78,
        16,
        0,
        'No WCAG validator accessibility errors.',
        1,
        0
    ),
    (
        79,
        16,
        0,
        'Semantic HTML5 used wherever possible.',
        1,
        0
    ),
    (
        80,
        16,
        0,
        'Divs and spans are only used where necessary for styling purposes.',
        1,
        0
    ),
    (
        81,
        16,
        0,
        'Code does not contain inline style attributes.',
        1,
        0
    ),
    (
        82,
        16,
        0,
        'Code does not contain inline JavaScript event listeners.',
        1,
        0
    ),
    (
        83,
        16,
        0,
        'Tags and attribute names are lowercase.',
        1,
        0
    ),
    (
        84,
        16,
        0,
        'Classes and IDs are camelcase.',
        1,
        0
    ),
    (
        85,
        16,
        0,
        'Tags are closed and nested properly.',
        1,
        0
    ),
    (
        86,
        16,
        0,
        'Images have been optimized by ImageOptim (or similar tool).',
        1,
        0
    ),
    (
        87,
        16,
        0,
        'Form elements are paired with labels elements containing the for attribute.',
        1,
        0
    ),
    (
        88,
        16,
        0,
        'Alt attributes exist on all <img> elements.',
        1,
        0
    ),
    (
        89,
        16,
        0,
        'Uses a valid <title> element with a valid text node.',
        1,
        0
    ),
    (90, 16, 0, 'Uses description metadata.', 1, 0),
    (91, 16, 0, 'HTML is properly indented.', 1, 0),
    (
        92,
        16,
        0,
        'No console errors while running the site AND no errors when validating JS at https://esprima.org/demo/validate.html',
        1,
        0
    ),
    (
        93,
        16,
        0,
        'Unused or unreachable code is not present.',
        1,
        0
    ),
    (
        94,
        16,
        0,
        'No console.log()’s are present (unless you have strong justification for why you need it).',
        1,
        0
    ),
    (
        95,
        16,
        0,
        'Variables and constants are in camelCase, functions and methods are in PascalCase.',
        1,
        0
    ),
    (
        96,
        16,
        0,
        'Variables, constants, methods and functions are named semantically.',
        1,
        0
    ),
    (
        97,
        16,
        0,
        'Global variables (var) are not used, only let and const are used. All variables are declared before being used. Constants are used over variables when possible.',
        2,
        0
    ),
    (
        98,
        16,
        0,
        'JavaScript does not add inline CSS styles.',
        1,
        0
    ),
    (
        99,
        16,
        0,
        'Code that will run at the same point in all branches of a decision is removed from the decision.',
        1,
        0
    ),
    (
        100,
        16,
        0,
        'For and for-of/for-in loops are used over while loops where appropriate (counter-controlled, array iteration).',
        1,
        0
    ),
    (
        101,
        16,
        0,
        'Form errors are displayed in an unordered list so the user can see multiple errors at once.',
        1,
        0
    ),
    (
        102,
        16,
        0,
        'The form will only submit if the form validates, otherwise the default submit behaviour will be prevented.',
        1,
        0
    ),
    (
        103,
        16,
        0,
        'Variables and constants are scoped appropriately.',
        1,
        0
    ),
    (
        104,
        16,
        0,
        'Variables and constants are declared at the beginning of their parent code block.',
        1,
        0
    ),
    (105, 16, 0, 'The script is deferred.', 1, 0),
    (
        106,
        16,
        0,
        'JavaScript is properly indented.',
        1,
        0
    ),
    (
        107,
        16,
        0,
        'A unique/unanticipated feature not mentioned in this document has been added.',
        1,
        0
    ),
    (
        108,
        16,
        0,
        'Content can be filtered, either with buttons, collapsibles, or another method.',
        1,
        0
    ),
    (
        109,
        16,
        0,
        'FontAwesome icons have been added.',
        1,
        0
    ),
    (
        110,
        16,
        0,
        'A visual portfolio has been added.',
        1,
        0
    ),
    (
        111,
        17,
        0,
        'A detailed but concise summary of the project experience, in written format.',
        1,
        0
    ),
    (
        112,
        17,
        0,
        'A video of an oral reading of the written reflection.',
        1,
        0
    ),
    (113, 17, 0, 'Code review notes included.', 1, 0),
    (
        114,
        17,
        0,
        'Reflection was submitted on time.',
        1,
        0
    ),
    (
        115,
        1,
        0,
        'Practice submitted on due date to GitHub classroom',
        1,
        0
    ),
    (
        116,
        2,
        0,
        'Practice submitted on due date to GitHub classroom',
        1,
        0
    ),
    (
        117,
        3,
        0,
        'Practice submitted on due date to GitHub classroom',
        1,
        0
    ),
    (
        118,
        4,
        0,
        'Practice submitted on due date to GitHub classroom',
        1,
        0
    ),
    (
        119,
        5,
        0,
        'Practice submitted on due date to GitHub classroom',
        1,
        0
    ),
    (
        120,
        7,
        0,
        'Practice submitted on due date to GitHub classroom',
        1,
        0
    ),
    (
        121,
        9,
        0,
        'Practice submitted on due date to GitHub classroom',
        1,
        0
    ),
    (
        122,
        10,
        0,
        'Practice submitted on due date to GitHub classroom',
        1,
        0
    ),
    (
        123,
        14,
        0,
        'Practice submitted on due date to GitHub classroom',
        1,
        0
    ),
    (
        124,
        13,
        0,
        'User can see all basic blog posts on browser via DOM',
        1,
        0
    ),
    (
        125,
        13,
        0,
        'Article class has a constructor with title and content fields',
        1,
        0
    ),
    (
        126,
        13,
        0,
        'Article class has an output method',
        1,
        0
    ),
    (
        127,
        13,
        0,
        'An array is used to store the Article objects',
        1,
        0
    ),
    (
        128,
        13,
        0,
        'Blog posts are recreated as seen in the screenshot',
        1,
        0
    ),
    (129, 13, 1, 'Student has added an add feature', 1, 0),
    (
        130,
        13,
        1,
        'Student has added a delete feature',
        1,
        0
    ),
    (131, 13, 1, 'Student has nice CSS', 1, 0),
    (132, 13, 1, 'Student has added timestamps', 1, 0),
    (133, 13, 1, 'Student has added an edit feature', 1, 0);

-- --------------------------------------------------------
--
-- Dumping data for table `timesheet`
--
INSERT INTO
    `timesheet` (
        `TimesheetId`,
        `HomeworkId`,
        `StudentId`,
        `SolvingTime`,
        `StudyTime`,
        `Archive`
    )
VALUES
    (1, 1, 7, 1.75, 3.00, 0),
    (2, 1, 8, 3.00, 3.50, 0),
    (3, 1, 9, 4.25, 2.25, 0),
    (4, 1, 10, 3.50, 3.25, 0),
    (5, 1, 11, 5.75, 1.25, 0),
    (6, 1, 12, 5.50, 2.00, 0),
    (7, 1, 13, 2.50, 2.50, 0),
    (8, 1, 14, 4.25, 1.50, 0),
    (9, 1, 15, 1.50, 3.75, 0),
    (10, 1, 16, 6.00, 1.75, 0),
    (11, 1, 17, 6.00, 1.25, 0),
    (12, 1, 18, 1.00, 5.50, 0),
    (13, 1, 19, 3.00, 3.00, 0),
    (14, 1, 20, 2.25, 5.75, 0),
    (15, 1, 21, 2.25, 5.50, 0),
    (16, 1, 22, 4.75, 1.25, 0),
    (17, 1, 23, 4.75, 2.50, 0),
    (18, 1, 24, 5.50, 1.25, 0),
    (19, 1, 25, 3.50, 2.75, 0),
    (20, 1, 26, 1.00, 5.00, 0),
    (21, 2, 7, 5.50, 1.50, 0),
    (22, 2, 8, 6.00, 1.25, 0),
    (23, 2, 9, 4.50, 1.50, 0),
    (24, 2, 10, 4.00, 1.25, 0),
    (25, 2, 11, 2.00, 1.25, 0),
    (26, 2, 12, 3.25, 3.75, 0),
    (27, 2, 13, 5.50, 2.50, 0),
    (28, 2, 14, 5.75, 1.25, 0),
    (29, 2, 15, 5.00, 1.25, 0),
    (30, 2, 16, 3.50, 6.00, 0),
    (31, 2, 17, 1.00, 1.25, 0),
    (32, 2, 18, 2.50, 6.00, 0),
    (33, 2, 19, 1.25, 3.75, 0),
    (34, 2, 20, 5.75, 1.75, 0),
    (35, 2, 21, 2.25, 1.25, 0),
    (36, 2, 22, 1.00, 2.00, 0),
    (37, 2, 23, 4.75, 1.25, 0),
    (38, 2, 24, 3.75, 1.25, 0),
    (39, 2, 25, 1.25, 5.00, 0),
    (40, 2, 26, 2.50, 3.50, 0),
    (41, 3, 7, 1.50, 4.00, 0),
    (42, 3, 8, 1.00, 4.75, 0),
    (43, 3, 9, 1.00, 1.25, 0),
    (44, 3, 10, 3.75, 3.75, 0),
    (45, 3, 11, 6.00, 1.50, 0),
    (46, 3, 12, 1.75, 2.00, 0),
    (47, 3, 13, 5.25, 2.25, 0),
    (48, 3, 14, 3.00, 4.25, 0),
    (49, 3, 15, 3.50, 4.75, 0),
    (50, 3, 16, 5.00, 1.50, 0),
    (51, 3, 17, 4.75, 1.25, 0),
    (52, 3, 18, 6.00, 2.50, 0),
    (53, 3, 19, 1.00, 5.00, 0),
    (54, 3, 20, 1.75, 4.50, 0),
    (55, 3, 21, 2.00, 4.00, 0),
    (56, 3, 22, 2.00, 4.25, 0),
    (57, 3, 23, 3.75, 1.25, 0),
    (58, 3, 24, 6.00, 1.25, 0),
    (59, 3, 25, 1.00, 3.00, 0),
    (60, 3, 26, 5.00, 2.50, 0),
    (61, 4, 7, 3.00, 4.25, 0),
    (62, 4, 8, 1.00, 1.25, 0),
    (63, 4, 9, 1.00, 1.25, 0),
    (64, 4, 10, 3.00, 3.00, 0),
    (65, 4, 11, 2.50, 4.00, 0),
    (66, 4, 12, 1.75, 1.25, 0),
    (67, 4, 13, 3.25, 3.50, 0),
    (68, 4, 14, 5.50, 1.50, 0),
    (69, 4, 15, 1.75, 3.50, 0),
    (70, 4, 16, 1.00, 2.25, 0),
    (71, 4, 17, 1.75, 4.50, 0),
    (72, 4, 18, 4.25, 1.25, 0),
    (73, 4, 19, 1.00, 2.00, 0),
    (74, 4, 20, 1.00, 4.00, 0),
    (75, 4, 21, 4.00, 3.00, 0),
    (76, 4, 22, 1.00, 4.50, 0),
    (77, 4, 23, 5.75, 1.25, 0),
    (78, 4, 24, 5.50, 2.50, 0),
    (79, 4, 25, 6.00, 2.00, 0),
    (80, 4, 26, 3.50, 1.25, 0),
    (81, 5, 7, 4.00, 1.75, 0),
    (82, 5, 8, 3.50, 5.00, 0),
    (83, 5, 9, 2.50, 1.50, 0),
    (84, 5, 10, 1.00, 2.00, 0),
    (85, 5, 11, 5.00, 1.25, 0),
    (86, 5, 12, 1.25, 5.75, 0),
    (87, 5, 13, 1.75, 1.50, 0),
    (88, 5, 14, 2.50, 1.50, 0),
    (89, 5, 15, 5.50, 1.50, 0),
    (90, 5, 16, 5.25, 1.25, 0),
    (91, 5, 17, 2.25, 1.25, 0),
    (92, 5, 18, 5.25, 1.25, 0),
    (93, 5, 19, 2.00, 4.50, 0),
    (94, 5, 20, 3.00, 4.25, 0),
    (95, 5, 21, 3.25, 3.25, 0),
    (96, 5, 22, 3.00, 2.50, 0),
    (97, 5, 23, 4.25, 1.25, 0),
    (98, 5, 24, 2.00, 5.00, 0),
    (99, 5, 25, 3.75, 5.00, 0),
    (100, 5, 26, 5.75, 1.25, 0),
    (101, 6, 7, 1.75, 5.75, 0),
    (102, 6, 8, 4.25, 1.75, 0),
    (103, 6, 9, 4.50, 2.25, 0),
    (104, 6, 10, 5.00, 1.25, 0),
    (105, 6, 11, 5.75, 2.50, 0),
    (106, 6, 12, 4.50, 2.50, 0),
    (107, 6, 13, 1.00, 3.75, 0),
    (108, 6, 14, 5.75, 1.25, 0),
    (109, 6, 15, 1.00, 3.00, 0),
    (110, 6, 16, 2.75, 5.00, 0),
    (111, 6, 17, 4.00, 1.75, 0),
    (112, 6, 18, 5.75, 1.25, 0),
    (113, 6, 19, 5.25, 1.25, 0),
    (114, 6, 20, 1.50, 1.50, 0),
    (115, 6, 21, 1.00, 3.25, 0),
    (116, 6, 22, 4.75, 1.75, 0),
    (117, 6, 23, 4.50, 2.00, 0),
    (118, 6, 24, 6.00, 2.00, 0),
    (119, 6, 25, 4.75, 2.50, 0),
    (120, 6, 26, 2.50, 2.00, 0),
    (121, 7, 7, 3.00, 1.25, 0),
    (122, 7, 8, 1.00, 5.75, 0),
    (123, 7, 9, 5.50, 2.00, 0),
    (124, 7, 10, 4.75, 1.25, 0),
    (125, 7, 11, 5.75, 2.50, 0),
    (126, 7, 12, 1.00, 4.25, 0),
    (127, 7, 13, 3.75, 2.50, 0),
    (128, 7, 14, 1.25, 3.25, 0),
    (129, 7, 15, 1.00, 4.75, 0),
    (130, 7, 16, 1.00, 1.75, 0),
    (131, 7, 17, 5.25, 1.25, 0),
    (132, 7, 18, 5.75, 1.25, 0),
    (133, 7, 19, 4.00, 3.25, 0),
    (134, 7, 20, 1.25, 2.25, 0),
    (135, 7, 21, 5.25, 2.00, 0),
    (136, 7, 22, 2.00, 3.25, 0),
    (137, 7, 23, 1.50, 2.75, 0),
    (138, 7, 24, 6.00, 1.25, 0),
    (139, 7, 25, 2.00, 1.25, 0),
    (140, 7, 26, 5.25, 1.25, 0),
    (141, 8, 7, 3.50, 2.50, 0),
    (142, 8, 8, 1.00, 5.00, 0),
    (143, 8, 9, 3.50, 5.00, 0),
    (144, 8, 10, 2.75, 1.25, 0),
    (145, 8, 11, 3.00, 3.00, 0),
    (146, 8, 12, 3.75, 1.25, 0),
    (147, 8, 13, 3.00, 4.25, 0),
    (148, 8, 14, 1.00, 1.25, 0),
    (149, 8, 15, 4.00, 5.75, 0),
    (150, 8, 16, 1.00, 1.75, 0),
    (151, 8, 17, 1.00, 3.50, 0),
    (152, 8, 18, 4.25, 1.25, 0),
    (153, 8, 19, 3.25, 1.25, 0),
    (154, 8, 20, 3.50, 1.25, 0),
    (155, 8, 21, 1.75, 1.25, 0),
    (156, 8, 22, 3.50, 1.50, 0),
    (157, 8, 23, 3.50, 6.00, 0),
    (158, 8, 24, 5.75, 1.25, 0),
    (159, 8, 25, 1.00, 3.00, 0),
    (160, 8, 26, 3.75, 1.25, 0),
    (161, 9, 7, 2.25, 3.25, 0),
    (162, 9, 8, 3.50, 1.25, 0),
    (163, 9, 9, 5.50, 1.25, 0),
    (164, 9, 10, 2.75, 5.25, 0),
    (165, 9, 11, 1.50, 1.25, 0),
    (166, 9, 12, 4.00, 4.00, 0),
    (167, 9, 13, 3.75, 1.25, 0),
    (168, 9, 14, 4.25, 2.00, 0),
    (169, 9, 15, 3.75, 5.25, 0),
    (170, 9, 16, 4.00, 1.25, 0),
    (171, 9, 17, 4.25, 2.00, 0),
    (172, 9, 18, 1.00, 6.00, 0),
    (173, 9, 19, 3.25, 1.25, 0),
    (174, 9, 20, 1.50, 2.75, 0),
    (175, 9, 21, 3.50, 2.25, 0),
    (176, 9, 22, 2.00, 6.00, 0),
    (177, 9, 23, 5.00, 2.25, 0),
    (178, 9, 24, 4.75, 2.50, 0),
    (179, 9, 25, 2.00, 1.25, 0),
    (180, 9, 26, 4.50, 1.25, 0),
    (181, 10, 7, 5.25, 1.25, 0),
    (182, 10, 8, 1.00, 3.00, 0),
    (183, 10, 9, 1.00, 3.25, 0),
    (184, 10, 10, 1.00, 1.75, 0),
    (185, 10, 11, 3.50, 3.00, 0),
    (186, 10, 12, 2.75, 1.25, 0),
    (187, 10, 13, 1.00, 4.00, 0),
    (188, 10, 14, 1.00, 4.00, 0),
    (189, 10, 15, 1.00, 4.50, 0),
    (190, 10, 16, 6.00, 1.25, 0),
    (191, 10, 17, 3.00, 1.75, 0),
    (192, 10, 18, 1.00, 5.00, 0),
    (193, 10, 19, 4.50, 1.25, 0),
    (194, 10, 20, 2.75, 5.75, 0),
    (195, 10, 21, 1.00, 4.00, 0),
    (196, 10, 22, 1.75, 2.00, 0),
    (197, 10, 23, 1.00, 3.00, 0),
    (198, 10, 24, 2.25, 2.75, 0),
    (199, 10, 25, 5.75, 2.50, 0),
    (200, 10, 26, 4.00, 3.50, 0),
    (201, 13, 7, 5.75, 1.25, 0),
    (202, 13, 8, 1.25, 1.50, 0),
    (203, 13, 9, 1.75, 1.25, 0),
    (204, 13, 10, 2.25, 4.50, 0),
    (205, 13, 11, 1.75, 5.25, 0),
    (206, 13, 12, 2.50, 1.50, 0),
    (207, 13, 13, 1.00, 4.00, 0),
    (208, 13, 14, 5.75, 2.00, 0),
    (209, 13, 15, 1.00, 4.75, 0),
    (210, 13, 16, 1.00, 6.00, 0),
    (211, 13, 17, 2.25, 3.75, 0),
    (212, 13, 18, 2.25, 1.25, 0),
    (213, 13, 19, 5.00, 1.25, 0),
    (214, 13, 20, 2.75, 1.25, 0),
    (215, 13, 21, 1.00, 2.25, 0),
    (216, 13, 22, 3.25, 4.00, 0),
    (217, 13, 23, 2.50, 3.00, 0),
    (218, 13, 24, 1.00, 5.50, 0),
    (219, 13, 25, 5.75, 1.25, 0),
    (220, 13, 26, 3.25, 1.25, 0),
    (221, 14, 7, 1.00, 4.25, 0),
    (222, 14, 8, 4.50, 1.25, 0),
    (223, 14, 9, 4.50, 1.25, 0),
    (224, 14, 10, 4.75, 1.75, 0),
    (225, 14, 11, 1.00, 1.25, 0),
    (226, 14, 12, 2.25, 1.75, 0),
    (227, 14, 13, 2.25, 1.50, 0),
    (228, 14, 14, 3.50, 5.50, 0),
    (229, 14, 15, 1.00, 1.25, 0),
    (230, 14, 16, 1.75, 4.75, 0),
    (231, 14, 17, 1.00, 5.25, 0),
    (232, 14, 18, 4.25, 2.00, 0),
    (233, 14, 19, 5.75, 1.25, 0),
    (234, 14, 20, 1.50, 2.25, 0),
    (235, 14, 21, 1.25, 2.00, 0),
    (236, 14, 22, 2.50, 4.75, 0),
    (237, 14, 23, 3.00, 3.75, 0),
    (238, 14, 24, 4.50, 1.50, 0),
    (239, 14, 25, 1.00, 1.50, 0),
    (240, 14, 26, 1.75, 5.25, 0),
    (241, 15, 7, 1.00, 3.50, 0),
    (242, 15, 8, 2.25, 3.50, 0),
    (243, 15, 9, 1.00, 1.75, 0),
    (244, 15, 10, 3.75, 4.00, 0),
    (245, 15, 11, 5.00, 1.25, 0),
    (246, 15, 12, 5.25, 1.25, 0),
    (247, 15, 13, 3.50, 4.00, 0),
    (248, 15, 14, 5.75, 1.25, 0),
    (249, 15, 15, 1.00, 4.00, 0),
    (250, 15, 16, 1.50, 3.25, 0),
    (251, 15, 17, 1.00, 5.50, 0),
    (252, 15, 18, 4.50, 2.25, 0),
    (253, 15, 19, 1.00, 4.75, 0),
    (254, 15, 20, 1.25, 1.25, 0),
    (255, 15, 21, 5.00, 1.25, 0),
    (256, 15, 22, 1.00, 3.50, 0),
    (257, 15, 23, 3.75, 5.00, 0),
    (258, 15, 24, 1.50, 5.50, 0),
    (259, 15, 25, 3.25, 2.50, 0),
    (260, 15, 26, 1.25, 4.50, 0),
    (261, 16, 7, 5.00, 1.75, 0),
    (262, 16, 8, 1.00, 4.75, 0),
    (263, 16, 9, 2.50, 4.25, 0),
    (264, 16, 10, 4.00, 5.25, 0),
    (265, 16, 11, 6.00, 2.25, 0),
    (266, 16, 12, 5.25, 1.25, 0),
    (267, 16, 13, 5.00, 2.00, 0),
    (268, 16, 14, 2.25, 5.75, 0),
    (269, 16, 15, 5.00, 2.25, 0),
    (270, 16, 16, 1.00, 1.50, 0),
    (271, 16, 17, 5.50, 1.25, 0),
    (272, 16, 18, 1.00, 2.75, 0),
    (273, 16, 19, 1.50, 3.75, 0),
    (274, 16, 20, 1.50, 1.25, 0),
    (275, 16, 21, 2.00, 4.00, 0),
    (276, 16, 22, 4.00, 1.25, 0),
    (277, 16, 23, 4.50, 1.75, 0),
    (278, 16, 24, 2.25, 1.25, 0),
    (279, 16, 25, 5.75, 1.50, 0),
    (280, 16, 26, 1.00, 1.50, 0),
    (281, 17, 7, 3.00, 1.25, 0),
    (282, 17, 8, 4.25, 1.25, 0),
    (283, 17, 9, 3.25, 1.25, 0),
    (284, 17, 10, 2.75, 2.75, 0),
    (285, 17, 11, 2.75, 2.25, 0),
    (286, 17, 12, 4.00, 1.25, 0),
    (287, 17, 13, 2.50, 2.25, 0),
    (288, 17, 14, 4.00, 1.25, 0),
    (289, 17, 15, 1.00, 4.75, 0),
    (290, 17, 16, 3.25, 3.25, 0),
    (291, 17, 17, 1.00, 3.25, 0),
    (292, 17, 18, 4.00, 1.25, 0),
    (293, 17, 19, 2.50, 4.00, 0),
    (294, 17, 20, 5.25, 2.25, 0),
    (295, 17, 21, 1.50, 5.50, 0),
    (296, 17, 22, 4.00, 4.50, 0),
    (297, 17, 23, 1.25, 4.50, 0),
    (298, 17, 24, 1.00, 3.50, 0),
    (299, 17, 25, 2.75, 1.25, 0),
    (300, 17, 26, 1.00, 2.00, 0);

-- --------------------------------------------------------
--
-- Dumping data for table `grade`
--
INSERT INTO
    `grade` (
        `RubricId`,
        `StudentId`,
        `Mark`,
        `InstructorComment`,
        `StudentComment`,
        `Archive`
    )
VALUES
    (1, 7, 1, NULL, NULL, 0),
    (1, 8, 1, NULL, NULL, 0),
    (1, 9, 1, NULL, NULL, 0),
    (1, 10, 1, NULL, NULL, 0),
    (1, 11, 1, NULL, NULL, 0),
    (1, 12, 1, NULL, NULL, 0),
    (1, 13, 1, NULL, NULL, 0),
    (1, 14, 1, NULL, NULL, 0),
    (1, 15, 1, NULL, NULL, 0),
    (1, 16, 1, NULL, NULL, 0),
    (1, 17, 1, NULL, NULL, 0),
    (1, 18, 1, NULL, NULL, 0),
    (1, 19, 1, NULL, NULL, 0),
    (1, 20, 1, NULL, NULL, 0),
    (1, 21, 1, NULL, NULL, 0),
    (1, 22, 1, NULL, NULL, 0),
    (1, 23, 1, NULL, NULL, 0),
    (1, 24, 1, NULL, NULL, 0),
    (1, 25, 1, NULL, NULL, 0),
    (1, 26, 1, NULL, NULL, 0),
    (2, 7, 2, NULL, NULL, 0),
    (2, 8, 2, NULL, NULL, 0),
    (2, 9, 2, NULL, NULL, 0),
    (2, 10, 2, NULL, NULL, 0),
    (2, 11, 2, NULL, NULL, 0),
    (2, 12, 2, NULL, NULL, 0),
    (2, 13, 2, NULL, NULL, 0),
    (2, 14, 2, NULL, NULL, 0),
    (2, 15, 2, NULL, NULL, 0),
    (2, 16, 2, NULL, NULL, 0),
    (2, 17, 2, NULL, NULL, 0),
    (2, 18, 2, NULL, NULL, 0),
    (2, 19, 2, NULL, NULL, 0),
    (2, 20, 2, NULL, NULL, 0),
    (2, 21, 2, NULL, NULL, 0),
    (2, 22, 2, NULL, NULL, 0),
    (2, 23, 2, NULL, NULL, 0),
    (2, 24, 2, NULL, NULL, 0),
    (2, 25, 2, NULL, NULL, 0),
    (2, 26, 2, NULL, NULL, 0),
    (3, 7, 1, NULL, NULL, 0),
    (3, 8, 1, NULL, NULL, 0),
    (3, 9, 1, NULL, NULL, 0),
    (3, 10, 1, NULL, NULL, 0),
    (3, 11, 1, NULL, NULL, 0),
    (3, 12, 1, NULL, NULL, 0),
    (3, 13, 1, NULL, NULL, 0),
    (3, 14, 1, NULL, NULL, 0),
    (3, 15, 1, NULL, NULL, 0),
    (3, 16, 1, NULL, NULL, 0),
    (3, 17, 1, NULL, NULL, 0),
    (3, 18, 1, NULL, NULL, 0),
    (3, 19, 1, NULL, NULL, 0),
    (3, 20, 1, NULL, NULL, 0),
    (3, 21, 1, NULL, NULL, 0),
    (3, 22, 1, NULL, NULL, 0),
    (3, 23, 1, NULL, NULL, 0),
    (3, 24, 1, NULL, NULL, 0),
    (3, 25, 1, NULL, NULL, 0),
    (3, 26, 1, NULL, NULL, 0),
    (4, 7, 1, NULL, NULL, 0),
    (4, 8, 1, NULL, NULL, 0),
    (4, 9, 1, NULL, NULL, 0),
    (4, 10, 1, NULL, NULL, 0),
    (4, 11, 1, NULL, NULL, 0),
    (4, 12, 1, NULL, NULL, 0),
    (4, 13, 1, NULL, NULL, 0),
    (4, 14, 1, NULL, NULL, 0),
    (4, 15, 1, NULL, NULL, 0),
    (4, 16, 1, NULL, NULL, 0),
    (4, 17, 1, NULL, NULL, 0),
    (4, 18, 1, NULL, NULL, 0),
    (4, 19, 1, NULL, NULL, 0),
    (4, 20, 1, NULL, NULL, 0),
    (4, 21, 1, NULL, NULL, 0),
    (4, 22, 1, NULL, NULL, 0),
    (4, 23, 1, NULL, NULL, 0),
    (4, 24, 1, NULL, NULL, 0),
    (4, 25, 1, NULL, NULL, 0),
    (4, 26, 1, NULL, NULL, 0),
    (5, 7, 1, NULL, NULL, 0),
    (5, 8, 1, NULL, NULL, 0),
    (5, 9, 1, NULL, NULL, 0),
    (5, 10, 1, NULL, NULL, 0),
    (5, 11, 1, NULL, NULL, 0),
    (5, 12, 1, NULL, NULL, 0),
    (5, 13, 1, NULL, NULL, 0),
    (5, 14, 1, NULL, NULL, 0),
    (5, 15, 1, NULL, NULL, 0),
    (5, 16, 1, NULL, NULL, 0),
    (5, 17, 1, NULL, NULL, 0),
    (5, 18, 1, NULL, NULL, 0),
    (5, 19, 1, NULL, NULL, 0),
    (5, 20, 1, NULL, NULL, 0),
    (5, 21, 1, NULL, NULL, 0),
    (5, 22, 1, NULL, NULL, 0),
    (5, 23, 1, NULL, NULL, 0),
    (5, 24, 1, NULL, NULL, 0),
    (5, 25, 1, NULL, NULL, 0),
    (5, 26, 1, NULL, NULL, 0),
    (6, 7, 1, NULL, NULL, 0),
    (6, 8, 1, NULL, NULL, 0),
    (6, 9, 1, NULL, NULL, 0),
    (6, 10, 1, NULL, NULL, 0),
    (6, 11, 1, NULL, NULL, 0),
    (6, 12, 1, NULL, NULL, 0),
    (6, 13, 1, NULL, NULL, 0),
    (6, 14, 1, NULL, NULL, 0),
    (6, 15, 1, NULL, NULL, 0),
    (6, 16, 1, NULL, NULL, 0),
    (6, 17, 1, NULL, NULL, 0),
    (6, 18, 1, NULL, NULL, 0),
    (6, 19, 1, NULL, NULL, 0),
    (6, 20, 1, NULL, NULL, 0),
    (6, 21, 1, NULL, NULL, 0),
    (6, 22, 1, NULL, NULL, 0),
    (6, 23, 1, NULL, NULL, 0),
    (6, 24, 1, NULL, NULL, 0),
    (6, 25, 1, NULL, NULL, 0),
    (6, 26, 1, NULL, NULL, 0),
    (7, 7, 1, NULL, NULL, 0),
    (7, 8, 1, NULL, NULL, 0),
    (7, 9, 1, NULL, NULL, 0),
    (7, 10, 1, NULL, NULL, 0),
    (7, 11, 1, NULL, NULL, 0),
    (7, 12, 1, NULL, NULL, 0),
    (7, 13, 1, NULL, NULL, 0),
    (7, 14, 1, NULL, NULL, 0),
    (7, 15, 1, NULL, NULL, 0),
    (7, 16, 1, NULL, NULL, 0),
    (7, 17, 1, NULL, NULL, 0),
    (7, 18, 1, NULL, NULL, 0),
    (7, 19, 1, NULL, NULL, 0),
    (7, 20, 1, NULL, NULL, 0),
    (7, 21, 1, NULL, NULL, 0),
    (7, 22, 1, NULL, NULL, 0),
    (7, 23, 1, NULL, NULL, 0),
    (7, 24, 1, NULL, NULL, 0),
    (7, 25, 1, NULL, NULL, 0),
    (7, 26, 1, NULL, NULL, 0),
    (8, 7, 1, NULL, NULL, 0),
    (8, 8, 1, NULL, NULL, 0),
    (8, 9, 1, NULL, NULL, 0),
    (8, 10, 1, NULL, NULL, 0),
    (8, 11, 1, NULL, NULL, 0),
    (8, 12, 1, NULL, NULL, 0),
    (8, 13, 1, NULL, NULL, 0),
    (8, 14, 1, NULL, NULL, 0),
    (8, 15, 1, NULL, NULL, 0),
    (8, 16, 1, NULL, NULL, 0),
    (8, 17, 1, NULL, NULL, 0),
    (8, 18, 1, NULL, NULL, 0),
    (8, 19, 1, NULL, NULL, 0),
    (8, 20, 1, NULL, NULL, 0),
    (8, 21, 1, NULL, NULL, 0),
    (8, 22, 1, NULL, NULL, 0),
    (8, 23, 1, NULL, NULL, 0),
    (8, 24, 1, NULL, NULL, 0),
    (8, 25, 1, NULL, NULL, 0),
    (8, 26, 1, NULL, NULL, 0),
    (9, 7, 1, NULL, NULL, 0),
    (9, 8, 1, NULL, NULL, 0),
    (9, 9, 1, NULL, NULL, 0),
    (9, 10, 1, NULL, NULL, 0),
    (9, 11, 1, NULL, NULL, 0),
    (9, 12, 1, NULL, NULL, 0),
    (9, 13, 1, NULL, NULL, 0),
    (9, 14, 1, NULL, NULL, 0),
    (9, 15, 1, NULL, NULL, 0),
    (9, 16, 1, NULL, NULL, 0),
    (9, 17, 1, NULL, NULL, 0),
    (9, 18, 1, NULL, NULL, 0),
    (9, 19, 1, NULL, NULL, 0),
    (9, 20, 1, NULL, NULL, 0),
    (9, 21, 1, NULL, NULL, 0),
    (9, 22, 1, NULL, NULL, 0),
    (9, 23, 1, NULL, NULL, 0),
    (9, 24, 1, NULL, NULL, 0),
    (9, 25, 1, NULL, NULL, 0),
    (9, 26, 1, NULL, NULL, 0),
    (10, 7, 1, NULL, NULL, 0),
    (10, 8, 1, NULL, NULL, 0),
    (10, 9, 1, NULL, NULL, 0),
    (10, 10, 1, NULL, NULL, 0),
    (10, 11, 1, NULL, NULL, 0),
    (10, 12, 1, NULL, NULL, 0),
    (10, 13, 1, NULL, NULL, 0),
    (10, 14, 1, NULL, NULL, 0),
    (10, 15, 1, NULL, NULL, 0),
    (10, 16, 1, NULL, NULL, 0),
    (10, 17, 1, NULL, NULL, 0),
    (10, 18, 1, NULL, NULL, 0),
    (10, 19, 1, NULL, NULL, 0),
    (10, 20, 1, NULL, NULL, 0),
    (10, 21, 1, NULL, NULL, 0),
    (10, 22, 1, NULL, NULL, 0),
    (10, 23, 1, NULL, NULL, 0),
    (10, 24, 1, NULL, NULL, 0),
    (10, 25, 1, NULL, NULL, 0),
    (10, 26, 1, NULL, NULL, 0),
    (11, 7, 2, NULL, NULL, 0),
    (11, 8, 2, NULL, NULL, 0),
    (11, 9, 2, NULL, NULL, 0),
    (11, 10, 2, NULL, NULL, 0),
    (11, 11, 2, NULL, NULL, 0),
    (11, 12, 2, NULL, NULL, 0),
    (11, 13, 2, NULL, NULL, 0),
    (11, 14, 2, NULL, NULL, 0),
    (11, 15, 2, NULL, NULL, 0),
    (11, 16, 2, NULL, NULL, 0),
    (11, 17, 2, NULL, NULL, 0),
    (11, 18, 2, NULL, NULL, 0),
    (11, 19, 2, NULL, NULL, 0),
    (11, 20, 2, NULL, NULL, 0),
    (11, 21, 2, NULL, NULL, 0),
    (11, 22, 2, NULL, NULL, 0),
    (11, 23, 2, NULL, NULL, 0),
    (11, 24, 2, NULL, NULL, 0),
    (11, 25, 2, NULL, NULL, 0),
    (11, 26, 2, NULL, NULL, 0),
    (12, 7, 3, NULL, NULL, 0),
    (12, 8, 3, NULL, NULL, 0),
    (12, 9, 3, NULL, NULL, 0),
    (12, 10, 3, NULL, NULL, 0),
    (12, 11, 3, NULL, NULL, 0),
    (12, 12, 3, NULL, NULL, 0),
    (12, 13, 3, NULL, NULL, 0),
    (12, 14, 3, NULL, NULL, 0),
    (12, 15, 3, NULL, NULL, 0),
    (12, 16, 3, NULL, NULL, 0),
    (12, 17, 3, NULL, NULL, 0),
    (12, 18, 3, NULL, NULL, 0),
    (12, 19, 3, NULL, NULL, 0),
    (12, 20, 3, NULL, NULL, 0),
    (12, 21, 3, NULL, NULL, 0),
    (12, 22, 3, NULL, NULL, 0),
    (12, 23, 3, NULL, NULL, 0),
    (12, 24, 3, NULL, NULL, 0),
    (12, 25, 3, NULL, NULL, 0),
    (12, 26, 3, NULL, NULL, 0),
    (13, 7, 1, NULL, NULL, 0),
    (13, 8, 1, NULL, NULL, 0),
    (13, 9, 1, NULL, NULL, 0),
    (13, 10, 1, NULL, NULL, 0),
    (13, 11, 1, NULL, NULL, 0),
    (13, 12, 1, NULL, NULL, 0),
    (13, 13, 1, NULL, NULL, 0),
    (13, 14, 1, NULL, NULL, 0),
    (13, 15, 1, NULL, NULL, 0),
    (13, 16, 1, NULL, NULL, 0),
    (13, 17, 1, NULL, NULL, 0),
    (13, 18, 1, NULL, NULL, 0),
    (13, 19, 1, NULL, NULL, 0),
    (13, 20, 1, NULL, NULL, 0),
    (13, 21, 1, NULL, NULL, 0),
    (13, 22, 1, NULL, NULL, 0),
    (13, 23, 1, NULL, NULL, 0),
    (13, 24, 1, NULL, NULL, 0),
    (13, 25, 1, NULL, NULL, 0),
    (13, 26, 1, NULL, NULL, 0),
    (15, 7, 2, NULL, NULL, 0),
    (15, 8, 2, NULL, NULL, 0),
    (15, 9, 2, NULL, NULL, 0),
    (15, 10, 2, NULL, NULL, 0),
    (15, 11, 2, NULL, NULL, 0),
    (15, 12, 2, NULL, NULL, 0),
    (15, 13, 2, NULL, NULL, 0),
    (15, 14, 2, NULL, NULL, 0),
    (15, 15, 2, NULL, NULL, 0),
    (15, 16, 2, NULL, NULL, 0),
    (15, 17, 2, NULL, NULL, 0),
    (15, 18, 2, NULL, NULL, 0),
    (15, 19, 2, NULL, NULL, 0),
    (15, 20, 2, NULL, NULL, 0),
    (15, 21, 2, NULL, NULL, 0),
    (15, 22, 2, NULL, NULL, 0),
    (15, 23, 2, NULL, NULL, 0),
    (15, 24, 2, NULL, NULL, 0),
    (15, 25, 2, NULL, NULL, 0),
    (15, 26, 2, NULL, NULL, 0),
    (16, 7, 2, NULL, NULL, 0),
    (16, 8, 2, NULL, NULL, 0),
    (16, 9, 2, NULL, NULL, 0),
    (16, 10, 2, NULL, NULL, 0),
    (16, 11, 2, NULL, NULL, 0),
    (16, 12, 2, NULL, NULL, 0),
    (16, 13, 2, NULL, NULL, 0),
    (16, 14, 2, NULL, NULL, 0),
    (16, 15, 2, NULL, NULL, 0),
    (16, 16, 2, NULL, NULL, 0),
    (16, 17, 2, NULL, NULL, 0),
    (16, 18, 2, NULL, NULL, 0),
    (16, 19, 2, NULL, NULL, 0),
    (16, 20, 2, NULL, NULL, 0),
    (16, 21, 2, NULL, NULL, 0),
    (16, 22, 2, NULL, NULL, 0),
    (16, 23, 2, NULL, NULL, 0),
    (16, 24, 2, NULL, NULL, 0),
    (16, 25, 2, NULL, NULL, 0),
    (16, 26, 2, NULL, NULL, 0),
    (17, 7, 2, NULL, NULL, 0),
    (17, 8, 2, NULL, NULL, 0),
    (17, 9, 2, NULL, NULL, 0),
    (17, 10, 2, NULL, NULL, 0),
    (17, 11, 2, NULL, NULL, 0),
    (17, 12, 2, NULL, NULL, 0),
    (17, 13, 2, NULL, NULL, 0),
    (17, 14, 2, NULL, NULL, 0),
    (17, 15, 2, NULL, NULL, 0),
    (17, 16, 2, NULL, NULL, 0),
    (17, 17, 2, NULL, NULL, 0),
    (17, 18, 2, NULL, NULL, 0),
    (17, 19, 2, NULL, NULL, 0),
    (17, 20, 2, NULL, NULL, 0),
    (17, 21, 2, NULL, NULL, 0),
    (17, 22, 2, NULL, NULL, 0),
    (17, 23, 2, NULL, NULL, 0),
    (17, 24, 2, NULL, NULL, 0),
    (17, 25, 2, NULL, NULL, 0),
    (17, 26, 2, NULL, NULL, 0),
    (18, 7, 1, NULL, NULL, 0),
    (18, 8, 1, NULL, NULL, 0),
    (18, 9, 1, NULL, NULL, 0),
    (18, 10, 1, NULL, NULL, 0),
    (18, 11, 1, NULL, NULL, 0),
    (18, 12, 1, NULL, NULL, 0),
    (18, 13, 1, NULL, NULL, 0),
    (18, 14, 1, NULL, NULL, 0),
    (18, 15, 1, NULL, NULL, 0),
    (18, 16, 1, NULL, NULL, 0),
    (18, 17, 1, NULL, NULL, 0),
    (18, 18, 1, NULL, NULL, 0),
    (18, 19, 1, NULL, NULL, 0),
    (18, 20, 1, NULL, NULL, 0),
    (18, 21, 1, NULL, NULL, 0),
    (18, 22, 1, NULL, NULL, 0),
    (18, 23, 1, NULL, NULL, 0),
    (18, 24, 1, NULL, NULL, 0),
    (18, 25, 1, NULL, NULL, 0),
    (18, 26, 1, NULL, NULL, 0),
    (19, 7, 2, NULL, NULL, 0),
    (19, 8, 2, NULL, NULL, 0),
    (19, 9, 2, NULL, NULL, 0),
    (19, 10, 2, NULL, NULL, 0),
    (19, 11, 2, NULL, NULL, 0),
    (19, 12, 2, NULL, NULL, 0),
    (19, 13, 2, NULL, NULL, 0),
    (19, 14, 2, NULL, NULL, 0),
    (19, 15, 2, NULL, NULL, 0),
    (19, 16, 2, NULL, NULL, 0),
    (19, 17, 2, NULL, NULL, 0),
    (19, 18, 2, NULL, NULL, 0),
    (19, 19, 2, NULL, NULL, 0),
    (19, 20, 2, NULL, NULL, 0),
    (19, 21, 2, NULL, NULL, 0),
    (19, 22, 2, NULL, NULL, 0),
    (19, 23, 2, NULL, NULL, 0),
    (19, 24, 2, NULL, NULL, 0),
    (19, 25, 2, NULL, NULL, 0),
    (19, 26, 2, NULL, NULL, 0),
    (20, 7, 2, NULL, NULL, 0),
    (20, 8, 2, NULL, NULL, 0),
    (20, 9, 2, NULL, NULL, 0),
    (20, 10, 2, NULL, NULL, 0),
    (20, 11, 2, NULL, NULL, 0),
    (20, 12, 2, NULL, NULL, 0),
    (20, 13, 2, NULL, NULL, 0),
    (20, 14, 2, NULL, NULL, 0),
    (20, 15, 2, NULL, NULL, 0),
    (20, 16, 2, NULL, NULL, 0),
    (20, 17, 2, NULL, NULL, 0),
    (20, 18, 2, NULL, NULL, 0),
    (20, 19, 2, NULL, NULL, 0),
    (20, 20, 2, NULL, NULL, 0),
    (20, 21, 2, NULL, NULL, 0),
    (20, 22, 2, NULL, NULL, 0),
    (20, 23, 2, NULL, NULL, 0),
    (20, 24, 2, NULL, NULL, 0),
    (20, 25, 2, NULL, NULL, 0),
    (20, 26, 2, NULL, NULL, 0),
    (21, 7, 1, NULL, NULL, 0),
    (21, 8, 1, NULL, NULL, 0),
    (21, 9, 1, NULL, NULL, 0),
    (21, 10, 1, NULL, NULL, 0),
    (21, 11, 1, NULL, NULL, 0),
    (21, 12, 1, NULL, NULL, 0),
    (21, 13, 1, NULL, NULL, 0),
    (21, 14, 1, NULL, NULL, 0),
    (21, 15, 1, NULL, NULL, 0),
    (21, 16, 1, NULL, NULL, 0),
    (21, 17, 1, NULL, NULL, 0),
    (21, 18, 1, NULL, NULL, 0),
    (21, 19, 1, NULL, NULL, 0),
    (21, 20, 1, NULL, NULL, 0),
    (21, 21, 1, NULL, NULL, 0),
    (21, 22, 1, NULL, NULL, 0),
    (21, 23, 1, NULL, NULL, 0),
    (21, 24, 1, NULL, NULL, 0),
    (21, 25, 1, NULL, NULL, 0),
    (21, 26, 1, NULL, NULL, 0),
    (22, 7, 1, NULL, NULL, 0),
    (22, 8, 1, NULL, NULL, 0),
    (22, 9, 1, NULL, NULL, 0),
    (22, 10, 1, NULL, NULL, 0),
    (22, 11, 1, NULL, NULL, 0),
    (22, 12, 1, NULL, NULL, 0),
    (22, 13, 1, NULL, NULL, 0),
    (22, 14, 1, NULL, NULL, 0),
    (22, 15, 1, NULL, NULL, 0),
    (22, 16, 1, NULL, NULL, 0),
    (22, 17, 1, NULL, NULL, 0),
    (22, 18, 1, NULL, NULL, 0),
    (22, 19, 1, NULL, NULL, 0),
    (22, 20, 1, NULL, NULL, 0),
    (22, 21, 1, NULL, NULL, 0),
    (22, 22, 1, NULL, NULL, 0),
    (22, 23, 1, NULL, NULL, 0),
    (22, 24, 1, NULL, NULL, 0),
    (22, 25, 1, NULL, NULL, 0),
    (22, 26, 1, NULL, NULL, 0),
    (23, 7, 1, NULL, NULL, 0),
    (23, 8, 1, NULL, NULL, 0),
    (23, 9, 1, NULL, NULL, 0),
    (23, 10, 1, NULL, NULL, 0),
    (23, 11, 1, NULL, NULL, 0),
    (23, 12, 1, NULL, NULL, 0),
    (23, 13, 1, NULL, NULL, 0),
    (23, 14, 1, NULL, NULL, 0),
    (23, 15, 1, NULL, NULL, 0),
    (23, 16, 1, NULL, NULL, 0),
    (23, 17, 1, NULL, NULL, 0),
    (23, 18, 1, NULL, NULL, 0),
    (23, 19, 1, NULL, NULL, 0),
    (23, 20, 1, NULL, NULL, 0),
    (23, 21, 1, NULL, NULL, 0),
    (23, 22, 1, NULL, NULL, 0),
    (23, 23, 1, NULL, NULL, 0),
    (23, 24, 1, NULL, NULL, 0),
    (23, 25, 1, NULL, NULL, 0),
    (23, 26, 1, NULL, NULL, 0),
    (24, 7, 1, NULL, NULL, 0),
    (24, 8, 1, NULL, NULL, 0),
    (24, 9, 1, NULL, NULL, 0),
    (24, 10, 1, NULL, NULL, 0),
    (24, 11, 1, NULL, NULL, 0),
    (24, 12, 1, NULL, NULL, 0),
    (24, 13, 1, NULL, NULL, 0),
    (24, 14, 1, NULL, NULL, 0),
    (24, 15, 1, NULL, NULL, 0),
    (24, 16, 1, NULL, NULL, 0),
    (24, 17, 1, NULL, NULL, 0),
    (24, 18, 1, NULL, NULL, 0),
    (24, 19, 1, NULL, NULL, 0),
    (24, 20, 1, NULL, NULL, 0),
    (24, 21, 1, NULL, NULL, 0),
    (24, 22, 1, NULL, NULL, 0),
    (24, 23, 1, NULL, NULL, 0),
    (24, 24, 1, NULL, NULL, 0),
    (24, 25, 1, NULL, NULL, 0),
    (24, 26, 1, NULL, NULL, 0),
    (25, 7, 1, NULL, NULL, 0),
    (25, 8, 1, NULL, NULL, 0),
    (25, 9, 1, NULL, NULL, 0),
    (25, 10, 1, NULL, NULL, 0),
    (25, 11, 1, NULL, NULL, 0),
    (25, 12, 1, NULL, NULL, 0),
    (25, 13, 1, NULL, NULL, 0),
    (25, 14, 1, NULL, NULL, 0),
    (25, 15, 1, NULL, NULL, 0),
    (25, 16, 1, NULL, NULL, 0),
    (25, 17, 1, NULL, NULL, 0),
    (25, 18, 1, NULL, NULL, 0),
    (25, 19, 1, NULL, NULL, 0),
    (25, 20, 1, NULL, NULL, 0),
    (25, 21, 1, NULL, NULL, 0),
    (25, 22, 1, NULL, NULL, 0),
    (25, 23, 1, NULL, NULL, 0),
    (25, 24, 1, NULL, NULL, 0),
    (25, 25, 1, NULL, NULL, 0),
    (25, 26, 1, NULL, NULL, 0),
    (26, 7, 1, NULL, NULL, 0),
    (26, 8, 1, NULL, NULL, 0),
    (26, 9, 1, NULL, NULL, 0),
    (26, 10, 1, NULL, NULL, 0),
    (26, 11, 1, NULL, NULL, 0),
    (26, 12, 1, NULL, NULL, 0),
    (26, 13, 1, NULL, NULL, 0),
    (26, 14, 1, NULL, NULL, 0),
    (26, 15, 1, NULL, NULL, 0),
    (26, 16, 1, NULL, NULL, 0),
    (26, 17, 1, NULL, NULL, 0),
    (26, 18, 1, NULL, NULL, 0),
    (26, 19, 1, NULL, NULL, 0),
    (26, 20, 1, NULL, NULL, 0),
    (26, 21, 1, NULL, NULL, 0),
    (26, 22, 1, NULL, NULL, 0),
    (26, 23, 1, NULL, NULL, 0),
    (26, 24, 1, NULL, NULL, 0),
    (26, 25, 1, NULL, NULL, 0),
    (26, 26, 1, NULL, NULL, 0),
    (27, 7, 1, NULL, NULL, 0),
    (27, 8, 1, NULL, NULL, 0),
    (27, 9, 1, NULL, NULL, 0),
    (27, 10, 1, NULL, NULL, 0),
    (27, 11, 1, NULL, NULL, 0),
    (27, 12, 1, NULL, NULL, 0),
    (27, 13, 1, NULL, NULL, 0),
    (27, 14, 1, NULL, NULL, 0),
    (27, 15, 1, NULL, NULL, 0),
    (27, 16, 1, NULL, NULL, 0),
    (27, 17, 1, NULL, NULL, 0),
    (27, 18, 1, NULL, NULL, 0),
    (27, 19, 1, NULL, NULL, 0),
    (27, 20, 1, NULL, NULL, 0),
    (27, 21, 1, NULL, NULL, 0),
    (27, 22, 1, NULL, NULL, 0),
    (27, 23, 1, NULL, NULL, 0),
    (27, 24, 1, NULL, NULL, 0),
    (27, 25, 1, NULL, NULL, 0),
    (27, 26, 1, NULL, NULL, 0),
    (28, 7, 1, NULL, NULL, 0),
    (28, 8, 1, NULL, NULL, 0),
    (28, 9, 1, NULL, NULL, 0),
    (28, 10, 1, NULL, NULL, 0),
    (28, 11, 1, NULL, NULL, 0),
    (28, 12, 1, NULL, NULL, 0),
    (28, 13, 1, NULL, NULL, 0),
    (28, 14, 1, NULL, NULL, 0),
    (28, 15, 1, NULL, NULL, 0),
    (28, 16, 1, NULL, NULL, 0),
    (28, 17, 1, NULL, NULL, 0),
    (28, 18, 1, NULL, NULL, 0),
    (28, 19, 1, NULL, NULL, 0),
    (28, 20, 1, NULL, NULL, 0),
    (28, 21, 1, NULL, NULL, 0),
    (28, 22, 1, NULL, NULL, 0),
    (28, 23, 1, NULL, NULL, 0),
    (28, 24, 1, NULL, NULL, 0),
    (28, 25, 1, NULL, NULL, 0),
    (28, 26, 1, NULL, NULL, 0),
    (29, 7, 1, NULL, NULL, 0),
    (29, 8, 1, NULL, NULL, 0),
    (29, 9, 1, NULL, NULL, 0),
    (29, 10, 1, NULL, NULL, 0),
    (29, 11, 1, NULL, NULL, 0),
    (29, 12, 1, NULL, NULL, 0),
    (29, 13, 1, NULL, NULL, 0),
    (29, 14, 1, NULL, NULL, 0),
    (29, 15, 1, NULL, NULL, 0),
    (29, 16, 1, NULL, NULL, 0),
    (29, 17, 1, NULL, NULL, 0),
    (29, 18, 1, NULL, NULL, 0),
    (29, 19, 1, NULL, NULL, 0),
    (29, 20, 1, NULL, NULL, 0),
    (29, 21, 1, NULL, NULL, 0),
    (29, 22, 1, NULL, NULL, 0),
    (29, 23, 1, NULL, NULL, 0),
    (29, 24, 1, NULL, NULL, 0),
    (29, 25, 1, NULL, NULL, 0),
    (29, 26, 1, NULL, NULL, 0),
    (30, 7, 1, NULL, NULL, 0),
    (30, 8, 1, NULL, NULL, 0),
    (30, 9, 1, NULL, NULL, 0),
    (30, 10, 1, NULL, NULL, 0),
    (30, 11, 1, NULL, NULL, 0),
    (30, 12, 1, NULL, NULL, 0),
    (30, 13, 1, NULL, NULL, 0),
    (30, 14, 1, NULL, NULL, 0),
    (30, 15, 1, NULL, NULL, 0),
    (30, 16, 1, NULL, NULL, 0),
    (30, 17, 1, NULL, NULL, 0),
    (30, 18, 1, NULL, NULL, 0),
    (30, 19, 1, NULL, NULL, 0),
    (30, 20, 1, NULL, NULL, 0),
    (30, 21, 1, NULL, NULL, 0),
    (30, 22, 1, NULL, NULL, 0),
    (30, 23, 1, NULL, NULL, 0),
    (30, 24, 1, NULL, NULL, 0),
    (30, 25, 1, NULL, NULL, 0),
    (30, 26, 1, NULL, NULL, 0),
    (31, 7, 1, NULL, NULL, 0),
    (31, 8, 1, NULL, NULL, 0),
    (31, 9, 1, NULL, NULL, 0),
    (31, 10, 1, NULL, NULL, 0),
    (31, 11, 1, NULL, NULL, 0),
    (31, 12, 1, NULL, NULL, 0),
    (31, 13, 1, NULL, NULL, 0),
    (31, 14, 1, NULL, NULL, 0),
    (31, 15, 1, NULL, NULL, 0),
    (31, 16, 1, NULL, NULL, 0),
    (31, 17, 1, NULL, NULL, 0),
    (31, 18, 1, NULL, NULL, 0),
    (31, 19, 1, NULL, NULL, 0),
    (31, 20, 1, NULL, NULL, 0),
    (31, 21, 1, NULL, NULL, 0),
    (31, 22, 1, NULL, NULL, 0),
    (31, 23, 1, NULL, NULL, 0),
    (31, 24, 1, NULL, NULL, 0),
    (31, 25, 1, NULL, NULL, 0),
    (31, 26, 1, NULL, NULL, 0),
    (32, 7, 1, NULL, NULL, 0),
    (32, 8, 1, NULL, NULL, 0),
    (32, 9, 1, NULL, NULL, 0),
    (32, 10, 1, NULL, NULL, 0),
    (32, 11, 1, NULL, NULL, 0),
    (32, 12, 1, NULL, NULL, 0),
    (32, 13, 1, NULL, NULL, 0),
    (32, 14, 1, NULL, NULL, 0),
    (32, 15, 1, NULL, NULL, 0),
    (32, 16, 1, NULL, NULL, 0),
    (32, 17, 1, NULL, NULL, 0),
    (32, 18, 1, NULL, NULL, 0),
    (32, 19, 1, NULL, NULL, 0),
    (32, 20, 1, NULL, NULL, 0),
    (32, 21, 1, NULL, NULL, 0),
    (32, 22, 1, NULL, NULL, 0),
    (32, 23, 1, NULL, NULL, 0),
    (32, 24, 1, NULL, NULL, 0),
    (32, 25, 1, NULL, NULL, 0),
    (32, 26, 1, NULL, NULL, 0),
    (33, 7, 1, NULL, NULL, 0),
    (33, 8, 1, NULL, NULL, 0),
    (33, 9, 1, NULL, NULL, 0),
    (33, 10, 1, NULL, NULL, 0),
    (33, 11, 1, NULL, NULL, 0),
    (33, 12, 1, NULL, NULL, 0),
    (33, 13, 1, NULL, NULL, 0),
    (33, 14, 1, NULL, NULL, 0),
    (33, 15, 1, NULL, NULL, 0),
    (33, 16, 1, NULL, NULL, 0),
    (33, 17, 1, NULL, NULL, 0),
    (33, 18, 1, NULL, NULL, 0),
    (33, 19, 1, NULL, NULL, 0),
    (33, 20, 1, NULL, NULL, 0),
    (33, 21, 1, NULL, NULL, 0),
    (33, 22, 1, NULL, NULL, 0),
    (33, 23, 1, NULL, NULL, 0),
    (33, 24, 1, NULL, NULL, 0),
    (33, 25, 1, NULL, NULL, 0),
    (33, 26, 1, NULL, NULL, 0),
    (34, 7, 1, NULL, NULL, 0),
    (34, 8, 1, NULL, NULL, 0),
    (34, 9, 1, NULL, NULL, 0),
    (34, 10, 1, NULL, NULL, 0),
    (34, 11, 1, NULL, NULL, 0),
    (34, 12, 1, NULL, NULL, 0),
    (34, 13, 1, NULL, NULL, 0),
    (34, 14, 1, NULL, NULL, 0),
    (34, 15, 1, NULL, NULL, 0),
    (34, 16, 1, NULL, NULL, 0),
    (34, 17, 1, NULL, NULL, 0),
    (34, 18, 1, NULL, NULL, 0),
    (34, 19, 1, NULL, NULL, 0),
    (34, 20, 1, NULL, NULL, 0),
    (34, 21, 1, NULL, NULL, 0),
    (34, 22, 1, NULL, NULL, 0),
    (34, 23, 1, NULL, NULL, 0),
    (34, 24, 1, NULL, NULL, 0),
    (34, 25, 1, NULL, NULL, 0),
    (34, 26, 1, NULL, NULL, 0),
    (35, 7, 1, NULL, NULL, 0),
    (35, 8, 1, NULL, NULL, 0),
    (35, 9, 1, NULL, NULL, 0),
    (35, 10, 1, NULL, NULL, 0),
    (35, 11, 1, NULL, NULL, 0),
    (35, 12, 1, NULL, NULL, 0),
    (35, 13, 1, NULL, NULL, 0),
    (35, 14, 1, NULL, NULL, 0),
    (35, 15, 1, NULL, NULL, 0),
    (35, 16, 1, NULL, NULL, 0),
    (35, 17, 1, NULL, NULL, 0),
    (35, 18, 1, NULL, NULL, 0),
    (35, 19, 1, NULL, NULL, 0),
    (35, 20, 1, NULL, NULL, 0),
    (35, 21, 1, NULL, NULL, 0),
    (35, 22, 1, NULL, NULL, 0),
    (35, 23, 1, NULL, NULL, 0),
    (35, 24, 1, NULL, NULL, 0),
    (35, 25, 1, NULL, NULL, 0),
    (35, 26, 1, NULL, NULL, 0),
    (36, 7, 1, NULL, NULL, 0),
    (36, 8, 1, NULL, NULL, 0),
    (36, 9, 1, NULL, NULL, 0),
    (36, 10, 1, NULL, NULL, 0),
    (36, 11, 1, NULL, NULL, 0),
    (36, 12, 1, NULL, NULL, 0),
    (36, 13, 1, NULL, NULL, 0),
    (36, 14, 1, NULL, NULL, 0),
    (36, 15, 1, NULL, NULL, 0),
    (36, 16, 1, NULL, NULL, 0),
    (36, 17, 1, NULL, NULL, 0),
    (36, 18, 1, NULL, NULL, 0),
    (36, 19, 1, NULL, NULL, 0),
    (36, 20, 1, NULL, NULL, 0),
    (36, 21, 1, NULL, NULL, 0),
    (36, 22, 1, NULL, NULL, 0),
    (36, 23, 1, NULL, NULL, 0),
    (36, 24, 1, NULL, NULL, 0),
    (36, 25, 1, NULL, NULL, 0),
    (36, 26, 1, NULL, NULL, 0),
    (37, 7, 1, NULL, NULL, 0),
    (37, 8, 1, NULL, NULL, 0),
    (37, 9, 1, NULL, NULL, 0),
    (37, 10, 1, NULL, NULL, 0),
    (37, 11, 1, NULL, NULL, 0),
    (37, 12, 1, NULL, NULL, 0),
    (37, 13, 1, NULL, NULL, 0),
    (37, 14, 1, NULL, NULL, 0),
    (37, 15, 1, NULL, NULL, 0),
    (37, 16, 1, NULL, NULL, 0),
    (37, 17, 1, NULL, NULL, 0),
    (37, 18, 1, NULL, NULL, 0),
    (37, 19, 1, NULL, NULL, 0),
    (37, 20, 1, NULL, NULL, 0),
    (37, 21, 1, NULL, NULL, 0),
    (37, 22, 1, NULL, NULL, 0),
    (37, 23, 1, NULL, NULL, 0),
    (37, 24, 1, NULL, NULL, 0),
    (37, 25, 1, NULL, NULL, 0),
    (37, 26, 1, NULL, NULL, 0),
    (38, 7, 1, NULL, NULL, 0),
    (38, 8, 1, NULL, NULL, 0),
    (38, 9, 1, NULL, NULL, 0),
    (38, 10, 1, NULL, NULL, 0),
    (38, 11, 1, NULL, NULL, 0),
    (38, 12, 1, NULL, NULL, 0),
    (38, 13, 1, NULL, NULL, 0),
    (38, 14, 1, NULL, NULL, 0),
    (38, 15, 1, NULL, NULL, 0),
    (38, 16, 1, NULL, NULL, 0),
    (38, 17, 1, NULL, NULL, 0),
    (38, 18, 1, NULL, NULL, 0),
    (38, 19, 1, NULL, NULL, 0),
    (38, 20, 1, NULL, NULL, 0),
    (38, 21, 1, NULL, NULL, 0),
    (38, 22, 1, NULL, NULL, 0),
    (38, 23, 1, NULL, NULL, 0),
    (38, 24, 1, NULL, NULL, 0),
    (38, 25, 1, NULL, NULL, 0),
    (38, 26, 1, NULL, NULL, 0),
    (39, 7, 1, NULL, NULL, 0),
    (39, 8, 1, NULL, NULL, 0),
    (39, 9, 1, NULL, NULL, 0),
    (39, 10, 1, NULL, NULL, 0),
    (39, 11, 1, NULL, NULL, 0),
    (39, 12, 1, NULL, NULL, 0),
    (39, 13, 1, NULL, NULL, 0),
    (39, 14, 1, NULL, NULL, 0),
    (39, 15, 1, NULL, NULL, 0),
    (39, 16, 1, NULL, NULL, 0),
    (39, 17, 1, NULL, NULL, 0),
    (39, 18, 1, NULL, NULL, 0),
    (39, 19, 1, NULL, NULL, 0),
    (39, 20, 1, NULL, NULL, 0),
    (39, 21, 1, NULL, NULL, 0),
    (39, 22, 1, NULL, NULL, 0),
    (39, 23, 1, NULL, NULL, 0),
    (39, 24, 1, NULL, NULL, 0),
    (39, 25, 1, NULL, NULL, 0),
    (39, 26, 1, NULL, NULL, 0),
    (40, 7, 1, NULL, NULL, 0),
    (40, 8, 1, NULL, NULL, 0),
    (40, 9, 1, NULL, NULL, 0),
    (40, 10, 1, NULL, NULL, 0),
    (40, 11, 1, NULL, NULL, 0),
    (40, 12, 1, NULL, NULL, 0),
    (40, 13, 1, NULL, NULL, 0),
    (40, 14, 1, NULL, NULL, 0),
    (40, 15, 1, NULL, NULL, 0),
    (40, 16, 1, NULL, NULL, 0),
    (40, 17, 1, NULL, NULL, 0),
    (40, 18, 1, NULL, NULL, 0),
    (40, 19, 1, NULL, NULL, 0),
    (40, 20, 1, NULL, NULL, 0),
    (40, 21, 1, NULL, NULL, 0),
    (40, 22, 1, NULL, NULL, 0),
    (40, 23, 1, NULL, NULL, 0),
    (40, 24, 1, NULL, NULL, 0),
    (40, 25, 1, NULL, NULL, 0),
    (40, 26, 1, NULL, NULL, 0),
    (41, 7, 1, NULL, NULL, 0),
    (41, 8, 1, NULL, NULL, 0),
    (41, 9, 1, NULL, NULL, 0),
    (41, 10, 1, NULL, NULL, 0),
    (41, 11, 1, NULL, NULL, 0),
    (41, 12, 1, NULL, NULL, 0),
    (41, 13, 1, NULL, NULL, 0),
    (41, 14, 1, NULL, NULL, 0),
    (41, 15, 1, NULL, NULL, 0),
    (41, 16, 1, NULL, NULL, 0),
    (41, 17, 1, NULL, NULL, 0),
    (41, 18, 1, NULL, NULL, 0),
    (41, 19, 1, NULL, NULL, 0),
    (41, 20, 1, NULL, NULL, 0),
    (41, 21, 1, NULL, NULL, 0),
    (41, 22, 1, NULL, NULL, 0),
    (41, 23, 1, NULL, NULL, 0),
    (41, 24, 1, NULL, NULL, 0),
    (41, 25, 1, NULL, NULL, 0),
    (41, 26, 1, NULL, NULL, 0),
    (42, 7, 1, NULL, NULL, 0),
    (42, 8, 1, NULL, NULL, 0),
    (42, 9, 1, NULL, NULL, 0),
    (42, 10, 1, NULL, NULL, 0),
    (42, 11, 1, NULL, NULL, 0),
    (42, 12, 1, NULL, NULL, 0),
    (42, 13, 1, NULL, NULL, 0),
    (42, 14, 1, NULL, NULL, 0),
    (42, 15, 1, NULL, NULL, 0),
    (42, 16, 1, NULL, NULL, 0),
    (42, 17, 1, NULL, NULL, 0),
    (42, 18, 1, NULL, NULL, 0),
    (42, 19, 1, NULL, NULL, 0),
    (42, 20, 1, NULL, NULL, 0),
    (42, 21, 1, NULL, NULL, 0),
    (42, 22, 1, NULL, NULL, 0),
    (42, 23, 1, NULL, NULL, 0),
    (42, 24, 1, NULL, NULL, 0),
    (42, 25, 1, NULL, NULL, 0),
    (42, 26, 1, NULL, NULL, 0),
    (43, 7, 1, NULL, NULL, 0),
    (43, 8, 1, NULL, NULL, 0),
    (43, 9, 1, NULL, NULL, 0),
    (43, 10, 1, NULL, NULL, 0),
    (43, 11, 1, NULL, NULL, 0),
    (43, 12, 1, NULL, NULL, 0),
    (43, 13, 1, NULL, NULL, 0),
    (43, 14, 1, NULL, NULL, 0),
    (43, 15, 1, NULL, NULL, 0),
    (43, 16, 1, NULL, NULL, 0),
    (43, 17, 1, NULL, NULL, 0),
    (43, 18, 1, NULL, NULL, 0),
    (43, 19, 1, NULL, NULL, 0),
    (43, 20, 1, NULL, NULL, 0),
    (43, 21, 1, NULL, NULL, 0),
    (43, 22, 1, NULL, NULL, 0),
    (43, 23, 1, NULL, NULL, 0),
    (43, 24, 1, NULL, NULL, 0),
    (43, 25, 1, NULL, NULL, 0),
    (43, 26, 1, NULL, NULL, 0),
    (44, 7, 1, NULL, NULL, 0),
    (44, 8, 1, NULL, NULL, 0),
    (44, 9, 1, NULL, NULL, 0),
    (44, 10, 1, NULL, NULL, 0),
    (44, 11, 1, NULL, NULL, 0),
    (44, 12, 1, NULL, NULL, 0),
    (44, 13, 1, NULL, NULL, 0),
    (44, 14, 1, NULL, NULL, 0),
    (44, 15, 1, NULL, NULL, 0),
    (44, 16, 1, NULL, NULL, 0),
    (44, 17, 1, NULL, NULL, 0),
    (44, 18, 1, NULL, NULL, 0),
    (44, 19, 1, NULL, NULL, 0),
    (44, 20, 1, NULL, NULL, 0),
    (44, 21, 1, NULL, NULL, 0),
    (44, 22, 1, NULL, NULL, 0),
    (44, 23, 1, NULL, NULL, 0),
    (44, 24, 1, NULL, NULL, 0),
    (44, 25, 1, NULL, NULL, 0),
    (44, 26, 1, NULL, NULL, 0),
    (45, 7, 1, NULL, NULL, 0),
    (45, 8, 1, NULL, NULL, 0),
    (45, 9, 1, NULL, NULL, 0),
    (45, 10, 1, NULL, NULL, 0),
    (45, 11, 1, NULL, NULL, 0),
    (45, 12, 1, NULL, NULL, 0),
    (45, 13, 1, NULL, NULL, 0),
    (45, 14, 1, NULL, NULL, 0),
    (45, 15, 1, NULL, NULL, 0),
    (45, 16, 1, NULL, NULL, 0),
    (45, 17, 1, NULL, NULL, 0),
    (45, 18, 1, NULL, NULL, 0),
    (45, 19, 1, NULL, NULL, 0),
    (45, 20, 1, NULL, NULL, 0),
    (45, 21, 1, NULL, NULL, 0),
    (45, 22, 1, NULL, NULL, 0),
    (45, 23, 1, NULL, NULL, 0),
    (45, 24, 1, NULL, NULL, 0),
    (45, 25, 1, NULL, NULL, 0),
    (45, 26, 1, NULL, NULL, 0),
    (46, 7, 1, NULL, NULL, 0),
    (46, 8, 1, NULL, NULL, 0),
    (46, 9, 1, NULL, NULL, 0),
    (46, 10, 1, NULL, NULL, 0),
    (46, 11, 1, NULL, NULL, 0),
    (46, 12, 1, NULL, NULL, 0),
    (46, 13, 1, NULL, NULL, 0),
    (46, 14, 1, NULL, NULL, 0),
    (46, 15, 1, NULL, NULL, 0),
    (46, 16, 1, NULL, NULL, 0),
    (46, 17, 1, NULL, NULL, 0),
    (46, 18, 1, NULL, NULL, 0),
    (46, 19, 1, NULL, NULL, 0),
    (46, 20, 1, NULL, NULL, 0),
    (46, 21, 1, NULL, NULL, 0),
    (46, 22, 1, NULL, NULL, 0),
    (46, 23, 1, NULL, NULL, 0),
    (46, 24, 1, NULL, NULL, 0),
    (46, 25, 1, NULL, NULL, 0),
    (46, 26, 1, NULL, NULL, 0),
    (47, 7, 1, NULL, NULL, 0),
    (47, 8, 1, NULL, NULL, 0),
    (47, 9, 1, NULL, NULL, 0),
    (47, 10, 1, NULL, NULL, 0),
    (47, 11, 1, NULL, NULL, 0),
    (47, 12, 1, NULL, NULL, 0),
    (47, 13, 1, NULL, NULL, 0),
    (47, 14, 1, NULL, NULL, 0),
    (47, 15, 1, NULL, NULL, 0),
    (47, 16, 1, NULL, NULL, 0),
    (47, 17, 1, NULL, NULL, 0),
    (47, 18, 1, NULL, NULL, 0),
    (47, 19, 1, NULL, NULL, 0),
    (47, 20, 1, NULL, NULL, 0),
    (47, 21, 1, NULL, NULL, 0),
    (47, 22, 1, NULL, NULL, 0),
    (47, 23, 1, NULL, NULL, 0),
    (47, 24, 1, NULL, NULL, 0),
    (47, 25, 1, NULL, NULL, 0),
    (47, 26, 1, NULL, NULL, 0),
    (48, 7, 1, NULL, NULL, 0),
    (48, 8, 1, NULL, NULL, 0),
    (48, 9, 1, NULL, NULL, 0),
    (48, 10, 1, NULL, NULL, 0),
    (48, 11, 1, NULL, NULL, 0),
    (48, 12, 1, NULL, NULL, 0),
    (48, 13, 1, NULL, NULL, 0),
    (48, 14, 1, NULL, NULL, 0),
    (48, 15, 1, NULL, NULL, 0),
    (48, 16, 1, NULL, NULL, 0),
    (48, 17, 1, NULL, NULL, 0),
    (48, 18, 1, NULL, NULL, 0),
    (48, 19, 1, NULL, NULL, 0),
    (48, 20, 1, NULL, NULL, 0),
    (48, 21, 1, NULL, NULL, 0),
    (48, 22, 1, NULL, NULL, 0),
    (48, 23, 1, NULL, NULL, 0),
    (48, 24, 1, NULL, NULL, 0),
    (48, 25, 1, NULL, NULL, 0),
    (48, 26, 1, NULL, NULL, 0),
    (49, 7, 1, NULL, NULL, 0),
    (49, 8, 1, NULL, NULL, 0),
    (49, 9, 1, NULL, NULL, 0),
    (49, 10, 1, NULL, NULL, 0),
    (49, 11, 1, NULL, NULL, 0),
    (49, 12, 1, NULL, NULL, 0),
    (49, 13, 1, NULL, NULL, 0),
    (49, 14, 1, NULL, NULL, 0),
    (49, 15, 1, NULL, NULL, 0),
    (49, 16, 1, NULL, NULL, 0),
    (49, 17, 1, NULL, NULL, 0),
    (49, 18, 1, NULL, NULL, 0),
    (49, 19, 1, NULL, NULL, 0),
    (49, 20, 1, NULL, NULL, 0),
    (49, 21, 1, NULL, NULL, 0),
    (49, 22, 1, NULL, NULL, 0),
    (49, 23, 1, NULL, NULL, 0),
    (49, 24, 1, NULL, NULL, 0),
    (49, 25, 1, NULL, NULL, 0),
    (49, 26, 1, NULL, NULL, 0),
    (50, 7, 1, NULL, NULL, 0),
    (50, 8, 1, NULL, NULL, 0),
    (50, 9, 1, NULL, NULL, 0),
    (50, 10, 1, NULL, NULL, 0),
    (50, 11, 1, NULL, NULL, 0),
    (50, 12, 1, NULL, NULL, 0),
    (50, 13, 1, NULL, NULL, 0),
    (50, 14, 1, NULL, NULL, 0),
    (50, 15, 1, NULL, NULL, 0),
    (50, 16, 1, NULL, NULL, 0),
    (50, 17, 1, NULL, NULL, 0),
    (50, 18, 1, NULL, NULL, 0),
    (50, 19, 1, NULL, NULL, 0),
    (50, 20, 1, NULL, NULL, 0),
    (50, 21, 1, NULL, NULL, 0),
    (50, 22, 1, NULL, NULL, 0),
    (50, 23, 1, NULL, NULL, 0),
    (50, 24, 1, NULL, NULL, 0),
    (50, 25, 1, NULL, NULL, 0),
    (50, 26, 1, NULL, NULL, 0),
    (51, 7, 1, NULL, NULL, 0),
    (51, 8, 1, NULL, NULL, 0),
    (51, 9, 1, NULL, NULL, 0),
    (51, 10, 1, NULL, NULL, 0),
    (51, 11, 1, NULL, NULL, 0),
    (51, 12, 1, NULL, NULL, 0),
    (51, 13, 1, NULL, NULL, 0),
    (51, 14, 1, NULL, NULL, 0),
    (51, 15, 1, NULL, NULL, 0),
    (51, 16, 1, NULL, NULL, 0),
    (51, 17, 1, NULL, NULL, 0),
    (51, 18, 1, NULL, NULL, 0),
    (51, 19, 1, NULL, NULL, 0),
    (51, 20, 1, NULL, NULL, 0),
    (51, 21, 1, NULL, NULL, 0),
    (51, 22, 1, NULL, NULL, 0),
    (51, 23, 1, NULL, NULL, 0),
    (51, 24, 1, NULL, NULL, 0),
    (51, 25, 1, NULL, NULL, 0),
    (51, 26, 1, NULL, NULL, 0),
    (52, 7, 1, NULL, NULL, 0),
    (52, 8, 1, NULL, NULL, 0),
    (52, 9, 1, NULL, NULL, 0),
    (52, 10, 1, NULL, NULL, 0),
    (52, 11, 1, NULL, NULL, 0),
    (52, 12, 1, NULL, NULL, 0),
    (52, 13, 1, NULL, NULL, 0),
    (52, 14, 1, NULL, NULL, 0),
    (52, 15, 1, NULL, NULL, 0),
    (52, 16, 1, NULL, NULL, 0),
    (52, 17, 1, NULL, NULL, 0),
    (52, 18, 1, NULL, NULL, 0),
    (52, 19, 1, NULL, NULL, 0),
    (52, 20, 1, NULL, NULL, 0),
    (52, 21, 1, NULL, NULL, 0),
    (52, 22, 1, NULL, NULL, 0),
    (52, 23, 1, NULL, NULL, 0),
    (52, 24, 1, NULL, NULL, 0),
    (52, 25, 1, NULL, NULL, 0),
    (52, 26, 1, NULL, NULL, 0),
    (53, 7, 1, NULL, NULL, 0),
    (53, 8, 1, NULL, NULL, 0),
    (53, 9, 1, NULL, NULL, 0),
    (53, 10, 1, NULL, NULL, 0),
    (53, 11, 1, NULL, NULL, 0),
    (53, 12, 1, NULL, NULL, 0),
    (53, 13, 1, NULL, NULL, 0),
    (53, 14, 1, NULL, NULL, 0),
    (53, 15, 1, NULL, NULL, 0),
    (53, 16, 1, NULL, NULL, 0),
    (53, 17, 1, NULL, NULL, 0),
    (53, 18, 1, NULL, NULL, 0),
    (53, 19, 1, NULL, NULL, 0),
    (53, 20, 1, NULL, NULL, 0),
    (53, 21, 1, NULL, NULL, 0),
    (53, 22, 1, NULL, NULL, 0),
    (53, 23, 1, NULL, NULL, 0),
    (53, 24, 1, NULL, NULL, 0),
    (53, 25, 1, NULL, NULL, 0),
    (53, 26, 1, NULL, NULL, 0),
    (54, 7, 1, NULL, NULL, 0),
    (54, 8, 1, NULL, NULL, 0),
    (54, 9, 1, NULL, NULL, 0),
    (54, 10, 1, NULL, NULL, 0),
    (54, 11, 1, NULL, NULL, 0),
    (54, 12, 1, NULL, NULL, 0),
    (54, 13, 1, NULL, NULL, 0),
    (54, 14, 1, NULL, NULL, 0),
    (54, 15, 1, NULL, NULL, 0),
    (54, 16, 1, NULL, NULL, 0),
    (54, 17, 1, NULL, NULL, 0),
    (54, 18, 1, NULL, NULL, 0),
    (54, 19, 1, NULL, NULL, 0),
    (54, 20, 1, NULL, NULL, 0),
    (54, 21, 1, NULL, NULL, 0),
    (54, 22, 1, NULL, NULL, 0),
    (54, 23, 1, NULL, NULL, 0),
    (54, 24, 1, NULL, NULL, 0),
    (54, 25, 1, NULL, NULL, 0),
    (54, 26, 1, NULL, NULL, 0),
    (55, 7, 1, NULL, NULL, 0),
    (55, 8, 1, NULL, NULL, 0),
    (55, 9, 1, NULL, NULL, 0),
    (55, 10, 1, NULL, NULL, 0),
    (55, 11, 1, NULL, NULL, 0),
    (55, 12, 1, NULL, NULL, 0),
    (55, 13, 1, NULL, NULL, 0),
    (55, 14, 1, NULL, NULL, 0),
    (55, 15, 1, NULL, NULL, 0),
    (55, 16, 1, NULL, NULL, 0),
    (55, 17, 1, NULL, NULL, 0),
    (55, 18, 1, NULL, NULL, 0),
    (55, 19, 1, NULL, NULL, 0),
    (55, 20, 1, NULL, NULL, 0),
    (55, 21, 1, NULL, NULL, 0),
    (55, 22, 1, NULL, NULL, 0),
    (55, 23, 1, NULL, NULL, 0),
    (55, 24, 1, NULL, NULL, 0),
    (55, 25, 1, NULL, NULL, 0),
    (55, 26, 1, NULL, NULL, 0),
    (56, 7, 1, NULL, NULL, 0),
    (56, 8, 1, NULL, NULL, 0),
    (56, 9, 1, NULL, NULL, 0),
    (56, 10, 1, NULL, NULL, 0),
    (56, 11, 1, NULL, NULL, 0),
    (56, 12, 1, NULL, NULL, 0),
    (56, 13, 1, NULL, NULL, 0),
    (56, 14, 1, NULL, NULL, 0),
    (56, 15, 1, NULL, NULL, 0),
    (56, 16, 1, NULL, NULL, 0),
    (56, 17, 1, NULL, NULL, 0),
    (56, 18, 1, NULL, NULL, 0),
    (56, 19, 1, NULL, NULL, 0),
    (56, 20, 1, NULL, NULL, 0),
    (56, 21, 1, NULL, NULL, 0),
    (56, 22, 1, NULL, NULL, 0),
    (56, 23, 1, NULL, NULL, 0),
    (56, 24, 1, NULL, NULL, 0),
    (56, 25, 1, NULL, NULL, 0),
    (56, 26, 1, NULL, NULL, 0),
    (57, 7, 1, NULL, NULL, 0),
    (57, 8, 1, NULL, NULL, 0),
    (57, 9, 1, NULL, NULL, 0),
    (57, 10, 1, NULL, NULL, 0),
    (57, 11, 1, NULL, NULL, 0),
    (57, 12, 1, NULL, NULL, 0),
    (57, 13, 1, NULL, NULL, 0),
    (57, 14, 1, NULL, NULL, 0),
    (57, 15, 1, NULL, NULL, 0),
    (57, 16, 1, NULL, NULL, 0),
    (57, 17, 1, NULL, NULL, 0),
    (57, 18, 1, NULL, NULL, 0),
    (57, 19, 1, NULL, NULL, 0),
    (57, 20, 1, NULL, NULL, 0),
    (57, 21, 1, NULL, NULL, 0),
    (57, 22, 1, NULL, NULL, 0),
    (57, 23, 1, NULL, NULL, 0),
    (57, 24, 1, NULL, NULL, 0),
    (57, 25, 1, NULL, NULL, 0),
    (57, 26, 1, NULL, NULL, 0),
    (58, 7, 1, NULL, NULL, 0),
    (58, 8, 1, NULL, NULL, 0),
    (58, 9, 1, NULL, NULL, 0),
    (58, 10, 1, NULL, NULL, 0),
    (58, 11, 1, NULL, NULL, 0),
    (58, 12, 1, NULL, NULL, 0),
    (58, 13, 1, NULL, NULL, 0),
    (58, 14, 1, NULL, NULL, 0),
    (58, 15, 1, NULL, NULL, 0),
    (58, 16, 1, NULL, NULL, 0),
    (58, 17, 1, NULL, NULL, 0),
    (58, 18, 1, NULL, NULL, 0),
    (58, 19, 1, NULL, NULL, 0),
    (58, 20, 1, NULL, NULL, 0),
    (58, 21, 1, NULL, NULL, 0),
    (58, 22, 1, NULL, NULL, 0),
    (58, 23, 1, NULL, NULL, 0),
    (58, 24, 1, NULL, NULL, 0),
    (58, 25, 1, NULL, NULL, 0),
    (58, 26, 1, NULL, NULL, 0),
    (59, 7, 2, NULL, NULL, 0),
    (59, 8, 2, NULL, NULL, 0),
    (59, 9, 2, NULL, NULL, 0),
    (59, 10, 2, NULL, NULL, 0),
    (59, 11, 2, NULL, NULL, 0),
    (59, 12, 2, NULL, NULL, 0),
    (59, 13, 2, NULL, NULL, 0),
    (59, 14, 2, NULL, NULL, 0),
    (59, 15, 2, NULL, NULL, 0),
    (59, 16, 2, NULL, NULL, 0),
    (59, 17, 2, NULL, NULL, 0),
    (59, 18, 2, NULL, NULL, 0),
    (59, 19, 2, NULL, NULL, 0),
    (59, 20, 2, NULL, NULL, 0),
    (59, 21, 2, NULL, NULL, 0),
    (59, 22, 2, NULL, NULL, 0),
    (59, 23, 2, NULL, NULL, 0),
    (59, 24, 2, NULL, NULL, 0),
    (59, 25, 2, NULL, NULL, 0),
    (59, 26, 2, NULL, NULL, 0),
    (60, 7, 2, NULL, NULL, 0),
    (60, 8, 2, NULL, NULL, 0),
    (60, 9, 2, NULL, NULL, 0),
    (60, 10, 2, NULL, NULL, 0),
    (60, 11, 2, NULL, NULL, 0),
    (60, 12, 2, NULL, NULL, 0),
    (60, 13, 2, NULL, NULL, 0),
    (60, 14, 2, NULL, NULL, 0),
    (60, 15, 2, NULL, NULL, 0),
    (60, 16, 2, NULL, NULL, 0),
    (60, 17, 2, NULL, NULL, 0),
    (60, 18, 2, NULL, NULL, 0),
    (60, 19, 2, NULL, NULL, 0),
    (60, 20, 2, NULL, NULL, 0),
    (60, 21, 2, NULL, NULL, 0),
    (60, 22, 2, NULL, NULL, 0),
    (60, 23, 2, NULL, NULL, 0),
    (60, 24, 2, NULL, NULL, 0),
    (60, 25, 2, NULL, NULL, 0),
    (60, 26, 2, NULL, NULL, 0),
    (61, 7, 1, NULL, NULL, 0),
    (61, 8, 1, NULL, NULL, 0),
    (61, 9, 1, NULL, NULL, 0),
    (61, 10, 1, NULL, NULL, 0),
    (61, 11, 1, NULL, NULL, 0),
    (61, 12, 1, NULL, NULL, 0),
    (61, 13, 1, NULL, NULL, 0),
    (61, 14, 1, NULL, NULL, 0),
    (61, 15, 1, NULL, NULL, 0),
    (61, 16, 1, NULL, NULL, 0),
    (61, 17, 1, NULL, NULL, 0),
    (61, 18, 1, NULL, NULL, 0),
    (61, 19, 1, NULL, NULL, 0),
    (61, 20, 1, NULL, NULL, 0),
    (61, 21, 1, NULL, NULL, 0),
    (61, 22, 1, NULL, NULL, 0),
    (61, 23, 1, NULL, NULL, 0),
    (61, 24, 1, NULL, NULL, 0),
    (61, 25, 1, NULL, NULL, 0),
    (61, 26, 1, NULL, NULL, 0),
    (62, 7, 1, NULL, NULL, 0),
    (62, 8, 1, NULL, NULL, 0),
    (62, 9, 1, NULL, NULL, 0),
    (62, 10, 1, NULL, NULL, 0),
    (62, 11, 1, NULL, NULL, 0),
    (62, 12, 1, NULL, NULL, 0),
    (62, 13, 1, NULL, NULL, 0),
    (62, 14, 1, NULL, NULL, 0),
    (62, 15, 1, NULL, NULL, 0),
    (62, 16, 1, NULL, NULL, 0),
    (62, 17, 1, NULL, NULL, 0),
    (62, 18, 1, NULL, NULL, 0),
    (62, 19, 1, NULL, NULL, 0),
    (62, 20, 1, NULL, NULL, 0),
    (62, 21, 1, NULL, NULL, 0),
    (62, 22, 1, NULL, NULL, 0),
    (62, 23, 1, NULL, NULL, 0),
    (62, 24, 1, NULL, NULL, 0),
    (62, 25, 1, NULL, NULL, 0),
    (62, 26, 1, NULL, NULL, 0),
    (63, 7, 1, NULL, NULL, 0),
    (63, 8, 1, NULL, NULL, 0),
    (63, 9, 1, NULL, NULL, 0),
    (63, 10, 1, NULL, NULL, 0),
    (63, 11, 1, NULL, NULL, 0),
    (63, 12, 1, NULL, NULL, 0),
    (63, 13, 1, NULL, NULL, 0),
    (63, 14, 1, NULL, NULL, 0),
    (63, 15, 1, NULL, NULL, 0),
    (63, 16, 1, NULL, NULL, 0),
    (63, 17, 1, NULL, NULL, 0),
    (63, 18, 1, NULL, NULL, 0),
    (63, 19, 1, NULL, NULL, 0),
    (63, 20, 1, NULL, NULL, 0),
    (63, 21, 1, NULL, NULL, 0),
    (63, 22, 1, NULL, NULL, 0),
    (63, 23, 1, NULL, NULL, 0),
    (63, 24, 1, NULL, NULL, 0),
    (63, 25, 1, NULL, NULL, 0),
    (63, 26, 1, NULL, NULL, 0),
    (64, 7, 1, NULL, NULL, 0),
    (64, 8, 1, NULL, NULL, 0),
    (64, 9, 1, NULL, NULL, 0),
    (64, 10, 1, NULL, NULL, 0),
    (64, 11, 1, NULL, NULL, 0),
    (64, 12, 1, NULL, NULL, 0),
    (64, 13, 1, NULL, NULL, 0),
    (64, 14, 1, NULL, NULL, 0),
    (64, 15, 1, NULL, NULL, 0),
    (64, 16, 1, NULL, NULL, 0),
    (64, 17, 1, NULL, NULL, 0),
    (64, 18, 1, NULL, NULL, 0),
    (64, 19, 1, NULL, NULL, 0),
    (64, 20, 1, NULL, NULL, 0),
    (64, 21, 1, NULL, NULL, 0),
    (64, 22, 1, NULL, NULL, 0),
    (64, 23, 1, NULL, NULL, 0),
    (64, 24, 1, NULL, NULL, 0),
    (64, 25, 1, NULL, NULL, 0),
    (64, 26, 1, NULL, NULL, 0),
    (65, 7, 1, NULL, NULL, 0),
    (65, 8, 1, NULL, NULL, 0),
    (65, 9, 1, NULL, NULL, 0),
    (65, 10, 1, NULL, NULL, 0),
    (65, 11, 1, NULL, NULL, 0),
    (65, 12, 1, NULL, NULL, 0),
    (65, 13, 1, NULL, NULL, 0),
    (65, 14, 1, NULL, NULL, 0),
    (65, 15, 1, NULL, NULL, 0),
    (65, 16, 1, NULL, NULL, 0),
    (65, 17, 1, NULL, NULL, 0),
    (65, 18, 1, NULL, NULL, 0),
    (65, 19, 1, NULL, NULL, 0),
    (65, 20, 1, NULL, NULL, 0),
    (65, 21, 1, NULL, NULL, 0),
    (65, 22, 1, NULL, NULL, 0),
    (65, 23, 1, NULL, NULL, 0),
    (65, 24, 1, NULL, NULL, 0),
    (65, 25, 1, NULL, NULL, 0),
    (65, 26, 1, NULL, NULL, 0),
    (66, 7, 1, NULL, NULL, 0),
    (66, 8, 1, NULL, NULL, 0),
    (66, 9, 1, NULL, NULL, 0),
    (66, 10, 1, NULL, NULL, 0),
    (66, 11, 1, NULL, NULL, 0),
    (66, 12, 1, NULL, NULL, 0),
    (66, 13, 1, NULL, NULL, 0),
    (66, 14, 1, NULL, NULL, 0),
    (66, 15, 1, NULL, NULL, 0),
    (66, 16, 1, NULL, NULL, 0),
    (66, 17, 1, NULL, NULL, 0),
    (66, 18, 1, NULL, NULL, 0),
    (66, 19, 1, NULL, NULL, 0),
    (66, 20, 1, NULL, NULL, 0),
    (66, 21, 1, NULL, NULL, 0),
    (66, 22, 1, NULL, NULL, 0),
    (66, 23, 1, NULL, NULL, 0),
    (66, 24, 1, NULL, NULL, 0),
    (66, 25, 1, NULL, NULL, 0),
    (66, 26, 1, NULL, NULL, 0),
    (67, 7, 1, NULL, NULL, 0),
    (67, 8, 1, NULL, NULL, 0),
    (67, 9, 1, NULL, NULL, 0),
    (67, 10, 1, NULL, NULL, 0),
    (67, 11, 1, NULL, NULL, 0),
    (67, 12, 1, NULL, NULL, 0),
    (67, 13, 1, NULL, NULL, 0),
    (67, 14, 1, NULL, NULL, 0),
    (67, 15, 1, NULL, NULL, 0),
    (67, 16, 1, NULL, NULL, 0),
    (67, 17, 1, NULL, NULL, 0),
    (67, 18, 1, NULL, NULL, 0),
    (67, 19, 1, NULL, NULL, 0),
    (67, 20, 1, NULL, NULL, 0),
    (67, 21, 1, NULL, NULL, 0),
    (67, 22, 1, NULL, NULL, 0),
    (67, 23, 1, NULL, NULL, 0),
    (67, 24, 1, NULL, NULL, 0),
    (67, 25, 1, NULL, NULL, 0),
    (67, 26, 1, NULL, NULL, 0),
    (68, 7, 1, NULL, NULL, 0),
    (68, 8, 1, NULL, NULL, 0),
    (68, 9, 1, NULL, NULL, 0),
    (68, 10, 1, NULL, NULL, 0),
    (68, 11, 1, NULL, NULL, 0),
    (68, 12, 1, NULL, NULL, 0),
    (68, 13, 1, NULL, NULL, 0),
    (68, 14, 1, NULL, NULL, 0),
    (68, 15, 1, NULL, NULL, 0),
    (68, 16, 1, NULL, NULL, 0),
    (68, 17, 1, NULL, NULL, 0),
    (68, 18, 1, NULL, NULL, 0),
    (68, 19, 1, NULL, NULL, 0),
    (68, 20, 1, NULL, NULL, 0),
    (68, 21, 1, NULL, NULL, 0),
    (68, 22, 1, NULL, NULL, 0),
    (68, 23, 1, NULL, NULL, 0),
    (68, 24, 1, NULL, NULL, 0),
    (68, 25, 1, NULL, NULL, 0),
    (68, 26, 1, NULL, NULL, 0),
    (69, 7, 1, NULL, NULL, 0),
    (69, 8, 1, NULL, NULL, 0),
    (69, 9, 1, NULL, NULL, 0),
    (69, 10, 1, NULL, NULL, 0),
    (69, 11, 1, NULL, NULL, 0),
    (69, 12, 1, NULL, NULL, 0),
    (69, 13, 1, NULL, NULL, 0),
    (69, 14, 1, NULL, NULL, 0),
    (69, 15, 1, NULL, NULL, 0),
    (69, 16, 1, NULL, NULL, 0),
    (69, 17, 1, NULL, NULL, 0),
    (69, 18, 1, NULL, NULL, 0),
    (69, 19, 1, NULL, NULL, 0),
    (69, 20, 1, NULL, NULL, 0),
    (69, 21, 1, NULL, NULL, 0),
    (69, 22, 1, NULL, NULL, 0),
    (69, 23, 1, NULL, NULL, 0),
    (69, 24, 1, NULL, NULL, 0),
    (69, 25, 1, NULL, NULL, 0),
    (69, 26, 1, NULL, NULL, 0),
    (70, 7, 1, NULL, NULL, 0),
    (70, 8, 1, NULL, NULL, 0),
    (70, 9, 1, NULL, NULL, 0),
    (70, 10, 1, NULL, NULL, 0),
    (70, 11, 1, NULL, NULL, 0),
    (70, 12, 1, NULL, NULL, 0),
    (70, 13, 1, NULL, NULL, 0),
    (70, 14, 1, NULL, NULL, 0),
    (70, 15, 1, NULL, NULL, 0),
    (70, 16, 1, NULL, NULL, 0),
    (70, 17, 1, NULL, NULL, 0),
    (70, 18, 1, NULL, NULL, 0),
    (70, 19, 1, NULL, NULL, 0),
    (70, 20, 1, NULL, NULL, 0),
    (70, 21, 1, NULL, NULL, 0),
    (70, 22, 1, NULL, NULL, 0),
    (70, 23, 1, NULL, NULL, 0),
    (70, 24, 1, NULL, NULL, 0),
    (70, 25, 1, NULL, NULL, 0),
    (70, 26, 1, NULL, NULL, 0),
    (71, 7, 1, NULL, NULL, 0),
    (71, 8, 1, NULL, NULL, 0),
    (71, 9, 1, NULL, NULL, 0),
    (71, 10, 1, NULL, NULL, 0),
    (71, 11, 1, NULL, NULL, 0),
    (71, 12, 1, NULL, NULL, 0),
    (71, 13, 1, NULL, NULL, 0),
    (71, 14, 1, NULL, NULL, 0),
    (71, 15, 1, NULL, NULL, 0),
    (71, 16, 1, NULL, NULL, 0),
    (71, 17, 1, NULL, NULL, 0),
    (71, 18, 1, NULL, NULL, 0),
    (71, 19, 1, NULL, NULL, 0),
    (71, 20, 1, NULL, NULL, 0),
    (71, 21, 1, NULL, NULL, 0),
    (71, 22, 1, NULL, NULL, 0),
    (71, 23, 1, NULL, NULL, 0),
    (71, 24, 1, NULL, NULL, 0),
    (71, 25, 1, NULL, NULL, 0),
    (71, 26, 1, NULL, NULL, 0),
    (72, 7, 1, NULL, NULL, 0),
    (72, 8, 1, NULL, NULL, 0),
    (72, 9, 1, NULL, NULL, 0),
    (72, 10, 1, NULL, NULL, 0),
    (72, 11, 1, NULL, NULL, 0),
    (72, 12, 1, NULL, NULL, 0),
    (72, 13, 1, NULL, NULL, 0),
    (72, 14, 1, NULL, NULL, 0),
    (72, 15, 1, NULL, NULL, 0),
    (72, 16, 1, NULL, NULL, 0),
    (72, 17, 1, NULL, NULL, 0),
    (72, 18, 1, NULL, NULL, 0),
    (72, 19, 1, NULL, NULL, 0),
    (72, 20, 1, NULL, NULL, 0),
    (72, 21, 1, NULL, NULL, 0),
    (72, 22, 1, NULL, NULL, 0),
    (72, 23, 1, NULL, NULL, 0),
    (72, 24, 1, NULL, NULL, 0),
    (72, 25, 1, NULL, NULL, 0),
    (72, 26, 1, NULL, NULL, 0),
    (73, 7, 1, NULL, NULL, 0),
    (73, 8, 1, NULL, NULL, 0),
    (73, 9, 1, NULL, NULL, 0),
    (73, 10, 1, NULL, NULL, 0),
    (73, 11, 1, NULL, NULL, 0),
    (73, 12, 1, NULL, NULL, 0),
    (73, 13, 1, NULL, NULL, 0),
    (73, 14, 1, NULL, NULL, 0),
    (73, 15, 1, NULL, NULL, 0),
    (73, 16, 1, NULL, NULL, 0),
    (73, 17, 1, NULL, NULL, 0),
    (73, 18, 1, NULL, NULL, 0),
    (73, 19, 1, NULL, NULL, 0),
    (73, 20, 1, NULL, NULL, 0),
    (73, 21, 1, NULL, NULL, 0),
    (73, 22, 1, NULL, NULL, 0),
    (73, 23, 1, NULL, NULL, 0),
    (73, 24, 1, NULL, NULL, 0),
    (73, 25, 1, NULL, NULL, 0),
    (73, 26, 1, NULL, NULL, 0),
    (74, 7, 1, NULL, NULL, 0),
    (74, 8, 1, NULL, NULL, 0),
    (74, 9, 1, NULL, NULL, 0),
    (74, 10, 1, NULL, NULL, 0),
    (74, 11, 1, NULL, NULL, 0),
    (74, 12, 1, NULL, NULL, 0),
    (74, 13, 1, NULL, NULL, 0),
    (74, 14, 1, NULL, NULL, 0),
    (74, 15, 1, NULL, NULL, 0),
    (74, 16, 1, NULL, NULL, 0),
    (74, 17, 1, NULL, NULL, 0),
    (74, 18, 1, NULL, NULL, 0),
    (74, 19, 1, NULL, NULL, 0),
    (74, 20, 1, NULL, NULL, 0),
    (74, 21, 1, NULL, NULL, 0),
    (74, 22, 1, NULL, NULL, 0),
    (74, 23, 1, NULL, NULL, 0),
    (74, 24, 1, NULL, NULL, 0),
    (74, 25, 1, NULL, NULL, 0),
    (74, 26, 1, NULL, NULL, 0),
    (75, 7, 1, NULL, NULL, 0),
    (75, 8, 1, NULL, NULL, 0),
    (75, 9, 1, NULL, NULL, 0),
    (75, 10, 1, NULL, NULL, 0),
    (75, 11, 1, NULL, NULL, 0),
    (75, 12, 1, NULL, NULL, 0),
    (75, 13, 1, NULL, NULL, 0),
    (75, 14, 1, NULL, NULL, 0),
    (75, 15, 1, NULL, NULL, 0),
    (75, 16, 1, NULL, NULL, 0),
    (75, 17, 1, NULL, NULL, 0),
    (75, 18, 1, NULL, NULL, 0),
    (75, 19, 1, NULL, NULL, 0),
    (75, 20, 1, NULL, NULL, 0),
    (75, 21, 1, NULL, NULL, 0),
    (75, 22, 1, NULL, NULL, 0),
    (75, 23, 1, NULL, NULL, 0),
    (75, 24, 1, NULL, NULL, 0),
    (75, 25, 1, NULL, NULL, 0),
    (75, 26, 1, NULL, NULL, 0),
    (76, 7, 1, NULL, NULL, 0),
    (76, 8, 1, NULL, NULL, 0),
    (76, 9, 1, NULL, NULL, 0),
    (76, 10, 1, NULL, NULL, 0),
    (76, 11, 1, NULL, NULL, 0),
    (76, 12, 1, NULL, NULL, 0),
    (76, 13, 1, NULL, NULL, 0),
    (76, 14, 1, NULL, NULL, 0),
    (76, 15, 1, NULL, NULL, 0),
    (76, 16, 1, NULL, NULL, 0),
    (76, 17, 1, NULL, NULL, 0),
    (76, 18, 1, NULL, NULL, 0),
    (76, 19, 1, NULL, NULL, 0),
    (76, 20, 1, NULL, NULL, 0),
    (76, 21, 1, NULL, NULL, 0),
    (76, 22, 1, NULL, NULL, 0),
    (76, 23, 1, NULL, NULL, 0),
    (76, 24, 1, NULL, NULL, 0),
    (76, 25, 1, NULL, NULL, 0),
    (76, 26, 1, NULL, NULL, 0),
    (77, 7, 1, NULL, NULL, 0),
    (77, 8, 1, NULL, NULL, 0),
    (77, 9, 1, NULL, NULL, 0),
    (77, 10, 1, NULL, NULL, 0),
    (77, 11, 1, NULL, NULL, 0),
    (77, 12, 1, NULL, NULL, 0),
    (77, 13, 1, NULL, NULL, 0),
    (77, 14, 1, NULL, NULL, 0),
    (77, 15, 1, NULL, NULL, 0),
    (77, 16, 1, NULL, NULL, 0),
    (77, 17, 1, NULL, NULL, 0),
    (77, 18, 1, NULL, NULL, 0),
    (77, 19, 1, NULL, NULL, 0),
    (77, 20, 1, NULL, NULL, 0),
    (77, 21, 1, NULL, NULL, 0),
    (77, 22, 1, NULL, NULL, 0),
    (77, 23, 1, NULL, NULL, 0),
    (77, 24, 1, NULL, NULL, 0),
    (77, 25, 1, NULL, NULL, 0),
    (77, 26, 1, NULL, NULL, 0),
    (78, 7, 1, NULL, NULL, 0),
    (78, 8, 1, NULL, NULL, 0),
    (78, 9, 1, NULL, NULL, 0),
    (78, 10, 1, NULL, NULL, 0),
    (78, 11, 1, NULL, NULL, 0),
    (78, 12, 1, NULL, NULL, 0),
    (78, 13, 1, NULL, NULL, 0),
    (78, 14, 1, NULL, NULL, 0),
    (78, 15, 1, NULL, NULL, 0),
    (78, 16, 1, NULL, NULL, 0),
    (78, 17, 1, NULL, NULL, 0),
    (78, 18, 1, NULL, NULL, 0),
    (78, 19, 1, NULL, NULL, 0),
    (78, 20, 1, NULL, NULL, 0),
    (78, 21, 1, NULL, NULL, 0),
    (78, 22, 1, NULL, NULL, 0),
    (78, 23, 1, NULL, NULL, 0),
    (78, 24, 1, NULL, NULL, 0),
    (78, 25, 1, NULL, NULL, 0),
    (78, 26, 1, NULL, NULL, 0),
    (79, 7, 1, NULL, NULL, 0),
    (79, 8, 1, NULL, NULL, 0),
    (79, 9, 1, NULL, NULL, 0),
    (79, 10, 1, NULL, NULL, 0),
    (79, 11, 1, NULL, NULL, 0),
    (79, 12, 1, NULL, NULL, 0),
    (79, 13, 1, NULL, NULL, 0),
    (79, 14, 1, NULL, NULL, 0),
    (79, 15, 1, NULL, NULL, 0),
    (79, 16, 1, NULL, NULL, 0),
    (79, 17, 1, NULL, NULL, 0),
    (79, 18, 1, NULL, NULL, 0),
    (79, 19, 1, NULL, NULL, 0),
    (79, 20, 1, NULL, NULL, 0),
    (79, 21, 1, NULL, NULL, 0),
    (79, 22, 1, NULL, NULL, 0),
    (79, 23, 1, NULL, NULL, 0),
    (79, 24, 1, NULL, NULL, 0),
    (79, 25, 1, NULL, NULL, 0),
    (79, 26, 1, NULL, NULL, 0),
    (80, 7, 1, NULL, NULL, 0),
    (80, 8, 1, NULL, NULL, 0),
    (80, 9, 1, NULL, NULL, 0),
    (80, 10, 1, NULL, NULL, 0),
    (80, 11, 1, NULL, NULL, 0),
    (80, 12, 1, NULL, NULL, 0),
    (80, 13, 1, NULL, NULL, 0),
    (80, 14, 1, NULL, NULL, 0),
    (80, 15, 1, NULL, NULL, 0),
    (80, 16, 1, NULL, NULL, 0),
    (80, 17, 1, NULL, NULL, 0),
    (80, 18, 1, NULL, NULL, 0),
    (80, 19, 1, NULL, NULL, 0),
    (80, 20, 1, NULL, NULL, 0),
    (80, 21, 1, NULL, NULL, 0),
    (80, 22, 1, NULL, NULL, 0),
    (80, 23, 1, NULL, NULL, 0),
    (80, 24, 1, NULL, NULL, 0),
    (80, 25, 1, NULL, NULL, 0),
    (80, 26, 1, NULL, NULL, 0),
    (81, 7, 1, NULL, NULL, 0),
    (81, 8, 1, NULL, NULL, 0),
    (81, 9, 1, NULL, NULL, 0),
    (81, 10, 1, NULL, NULL, 0),
    (81, 11, 1, NULL, NULL, 0),
    (81, 12, 1, NULL, NULL, 0),
    (81, 13, 1, NULL, NULL, 0),
    (81, 14, 1, NULL, NULL, 0),
    (81, 15, 1, NULL, NULL, 0),
    (81, 16, 1, NULL, NULL, 0),
    (81, 17, 1, NULL, NULL, 0),
    (81, 18, 1, NULL, NULL, 0),
    (81, 19, 1, NULL, NULL, 0),
    (81, 20, 1, NULL, NULL, 0),
    (81, 21, 1, NULL, NULL, 0),
    (81, 22, 1, NULL, NULL, 0),
    (81, 23, 1, NULL, NULL, 0),
    (81, 24, 1, NULL, NULL, 0),
    (81, 25, 1, NULL, NULL, 0),
    (81, 26, 1, NULL, NULL, 0),
    (82, 7, 1, NULL, NULL, 0),
    (82, 8, 1, NULL, NULL, 0),
    (82, 9, 1, NULL, NULL, 0),
    (82, 10, 1, NULL, NULL, 0),
    (82, 11, 1, NULL, NULL, 0),
    (82, 12, 1, NULL, NULL, 0),
    (82, 13, 1, NULL, NULL, 0),
    (82, 14, 1, NULL, NULL, 0),
    (82, 15, 1, NULL, NULL, 0),
    (82, 16, 1, NULL, NULL, 0),
    (82, 17, 1, NULL, NULL, 0),
    (82, 18, 1, NULL, NULL, 0),
    (82, 19, 1, NULL, NULL, 0),
    (82, 20, 1, NULL, NULL, 0),
    (82, 21, 1, NULL, NULL, 0),
    (82, 22, 1, NULL, NULL, 0),
    (82, 23, 1, NULL, NULL, 0),
    (82, 24, 1, NULL, NULL, 0),
    (82, 25, 1, NULL, NULL, 0),
    (82, 26, 1, NULL, NULL, 0),
    (83, 7, 1, NULL, NULL, 0),
    (83, 8, 1, NULL, NULL, 0),
    (83, 9, 1, NULL, NULL, 0),
    (83, 10, 1, NULL, NULL, 0),
    (83, 11, 1, NULL, NULL, 0),
    (83, 12, 1, NULL, NULL, 0),
    (83, 13, 1, NULL, NULL, 0),
    (83, 14, 1, NULL, NULL, 0),
    (83, 15, 1, NULL, NULL, 0),
    (83, 16, 1, NULL, NULL, 0),
    (83, 17, 1, NULL, NULL, 0),
    (83, 18, 1, NULL, NULL, 0),
    (83, 19, 1, NULL, NULL, 0),
    (83, 20, 1, NULL, NULL, 0),
    (83, 21, 1, NULL, NULL, 0),
    (83, 22, 1, NULL, NULL, 0),
    (83, 23, 1, NULL, NULL, 0),
    (83, 24, 1, NULL, NULL, 0),
    (83, 25, 1, NULL, NULL, 0),
    (83, 26, 1, NULL, NULL, 0),
    (84, 7, 1, NULL, NULL, 0),
    (84, 8, 1, NULL, NULL, 0),
    (84, 9, 1, NULL, NULL, 0),
    (84, 10, 1, NULL, NULL, 0),
    (84, 11, 1, NULL, NULL, 0),
    (84, 12, 1, NULL, NULL, 0),
    (84, 13, 1, NULL, NULL, 0),
    (84, 14, 1, NULL, NULL, 0),
    (84, 15, 1, NULL, NULL, 0),
    (84, 16, 1, NULL, NULL, 0),
    (84, 17, 1, NULL, NULL, 0),
    (84, 18, 1, NULL, NULL, 0),
    (84, 19, 1, NULL, NULL, 0),
    (84, 20, 1, NULL, NULL, 0),
    (84, 21, 1, NULL, NULL, 0),
    (84, 22, 1, NULL, NULL, 0),
    (84, 23, 1, NULL, NULL, 0),
    (84, 24, 1, NULL, NULL, 0),
    (84, 25, 1, NULL, NULL, 0),
    (84, 26, 1, NULL, NULL, 0),
    (85, 7, 1, NULL, NULL, 0),
    (85, 8, 1, NULL, NULL, 0),
    (85, 9, 1, NULL, NULL, 0),
    (85, 10, 1, NULL, NULL, 0),
    (85, 11, 1, NULL, NULL, 0),
    (85, 12, 1, NULL, NULL, 0),
    (85, 13, 1, NULL, NULL, 0),
    (85, 14, 1, NULL, NULL, 0),
    (85, 15, 1, NULL, NULL, 0),
    (85, 16, 1, NULL, NULL, 0),
    (85, 17, 1, NULL, NULL, 0),
    (85, 18, 1, NULL, NULL, 0),
    (85, 19, 1, NULL, NULL, 0),
    (85, 20, 1, NULL, NULL, 0),
    (85, 21, 1, NULL, NULL, 0),
    (85, 22, 1, NULL, NULL, 0),
    (85, 23, 1, NULL, NULL, 0),
    (85, 24, 1, NULL, NULL, 0),
    (85, 25, 1, NULL, NULL, 0),
    (85, 26, 1, NULL, NULL, 0),
    (86, 7, 1, NULL, NULL, 0),
    (86, 8, 1, NULL, NULL, 0),
    (86, 9, 1, NULL, NULL, 0),
    (86, 10, 1, NULL, NULL, 0),
    (86, 11, 1, NULL, NULL, 0),
    (86, 12, 1, NULL, NULL, 0),
    (86, 13, 1, NULL, NULL, 0),
    (86, 14, 1, NULL, NULL, 0),
    (86, 15, 1, NULL, NULL, 0),
    (86, 16, 1, NULL, NULL, 0),
    (86, 17, 1, NULL, NULL, 0),
    (86, 18, 1, NULL, NULL, 0),
    (86, 19, 1, NULL, NULL, 0),
    (86, 20, 1, NULL, NULL, 0),
    (86, 21, 1, NULL, NULL, 0),
    (86, 22, 1, NULL, NULL, 0),
    (86, 23, 1, NULL, NULL, 0),
    (86, 24, 1, NULL, NULL, 0),
    (86, 25, 1, NULL, NULL, 0),
    (86, 26, 1, NULL, NULL, 0),
    (87, 7, 1, NULL, NULL, 0),
    (87, 8, 1, NULL, NULL, 0),
    (87, 9, 1, NULL, NULL, 0),
    (87, 10, 1, NULL, NULL, 0),
    (87, 11, 1, NULL, NULL, 0),
    (87, 12, 1, NULL, NULL, 0),
    (87, 13, 1, NULL, NULL, 0),
    (87, 14, 1, NULL, NULL, 0),
    (87, 15, 1, NULL, NULL, 0),
    (87, 16, 1, NULL, NULL, 0),
    (87, 17, 1, NULL, NULL, 0),
    (87, 18, 1, NULL, NULL, 0),
    (87, 19, 1, NULL, NULL, 0),
    (87, 20, 1, NULL, NULL, 0),
    (87, 21, 1, NULL, NULL, 0),
    (87, 22, 1, NULL, NULL, 0),
    (87, 23, 1, NULL, NULL, 0),
    (87, 24, 1, NULL, NULL, 0),
    (87, 25, 1, NULL, NULL, 0),
    (87, 26, 1, NULL, NULL, 0),
    (88, 7, 1, NULL, NULL, 0),
    (88, 8, 1, NULL, NULL, 0),
    (88, 9, 1, NULL, NULL, 0),
    (88, 10, 1, NULL, NULL, 0),
    (88, 11, 1, NULL, NULL, 0),
    (88, 12, 1, NULL, NULL, 0),
    (88, 13, 1, NULL, NULL, 0),
    (88, 14, 1, NULL, NULL, 0),
    (88, 15, 1, NULL, NULL, 0),
    (88, 16, 1, NULL, NULL, 0),
    (88, 17, 1, NULL, NULL, 0),
    (88, 18, 1, NULL, NULL, 0),
    (88, 19, 1, NULL, NULL, 0),
    (88, 20, 1, NULL, NULL, 0),
    (88, 21, 1, NULL, NULL, 0),
    (88, 22, 1, NULL, NULL, 0),
    (88, 23, 1, NULL, NULL, 0),
    (88, 24, 1, NULL, NULL, 0),
    (88, 25, 1, NULL, NULL, 0),
    (88, 26, 1, NULL, NULL, 0),
    (89, 7, 1, NULL, NULL, 0),
    (89, 8, 1, NULL, NULL, 0),
    (89, 9, 1, NULL, NULL, 0),
    (89, 10, 1, NULL, NULL, 0),
    (89, 11, 1, NULL, NULL, 0),
    (89, 12, 1, NULL, NULL, 0),
    (89, 13, 1, NULL, NULL, 0),
    (89, 14, 1, NULL, NULL, 0),
    (89, 15, 1, NULL, NULL, 0),
    (89, 16, 1, NULL, NULL, 0),
    (89, 17, 1, NULL, NULL, 0),
    (89, 18, 1, NULL, NULL, 0),
    (89, 19, 1, NULL, NULL, 0),
    (89, 20, 1, NULL, NULL, 0),
    (89, 21, 1, NULL, NULL, 0),
    (89, 22, 1, NULL, NULL, 0),
    (89, 23, 1, NULL, NULL, 0),
    (89, 24, 1, NULL, NULL, 0),
    (89, 25, 1, NULL, NULL, 0),
    (89, 26, 1, NULL, NULL, 0),
    (90, 7, 1, NULL, NULL, 0),
    (90, 8, 1, NULL, NULL, 0),
    (90, 9, 1, NULL, NULL, 0),
    (90, 10, 1, NULL, NULL, 0),
    (90, 11, 1, NULL, NULL, 0),
    (90, 12, 1, NULL, NULL, 0),
    (90, 13, 1, NULL, NULL, 0),
    (90, 14, 1, NULL, NULL, 0),
    (90, 15, 1, NULL, NULL, 0),
    (90, 16, 1, NULL, NULL, 0),
    (90, 17, 1, NULL, NULL, 0),
    (90, 18, 1, NULL, NULL, 0),
    (90, 19, 1, NULL, NULL, 0),
    (90, 20, 1, NULL, NULL, 0),
    (90, 21, 1, NULL, NULL, 0),
    (90, 22, 1, NULL, NULL, 0),
    (90, 23, 1, NULL, NULL, 0),
    (90, 24, 1, NULL, NULL, 0),
    (90, 25, 1, NULL, NULL, 0),
    (90, 26, 1, NULL, NULL, 0),
    (91, 7, 1, NULL, NULL, 0),
    (91, 8, 1, NULL, NULL, 0),
    (91, 9, 1, NULL, NULL, 0),
    (91, 10, 1, NULL, NULL, 0),
    (91, 11, 1, NULL, NULL, 0),
    (91, 12, 1, NULL, NULL, 0),
    (91, 13, 1, NULL, NULL, 0),
    (91, 14, 1, NULL, NULL, 0),
    (91, 15, 1, NULL, NULL, 0),
    (91, 16, 1, NULL, NULL, 0),
    (91, 17, 1, NULL, NULL, 0),
    (91, 18, 1, NULL, NULL, 0),
    (91, 19, 1, NULL, NULL, 0),
    (91, 20, 1, NULL, NULL, 0),
    (91, 21, 1, NULL, NULL, 0),
    (91, 22, 1, NULL, NULL, 0),
    (91, 23, 1, NULL, NULL, 0),
    (91, 24, 1, NULL, NULL, 0),
    (91, 25, 1, NULL, NULL, 0),
    (91, 26, 1, NULL, NULL, 0),
    (92, 7, 1, NULL, NULL, 0),
    (92, 8, 1, NULL, NULL, 0),
    (92, 9, 1, NULL, NULL, 0),
    (92, 10, 1, NULL, NULL, 0),
    (92, 11, 1, NULL, NULL, 0),
    (92, 12, 1, NULL, NULL, 0),
    (92, 13, 1, NULL, NULL, 0),
    (92, 14, 1, NULL, NULL, 0),
    (92, 15, 1, NULL, NULL, 0),
    (92, 16, 1, NULL, NULL, 0),
    (92, 17, 1, NULL, NULL, 0),
    (92, 18, 1, NULL, NULL, 0),
    (92, 19, 1, NULL, NULL, 0),
    (92, 20, 1, NULL, NULL, 0),
    (92, 21, 1, NULL, NULL, 0),
    (92, 22, 1, NULL, NULL, 0),
    (92, 23, 1, NULL, NULL, 0),
    (92, 24, 1, NULL, NULL, 0),
    (92, 25, 1, NULL, NULL, 0),
    (92, 26, 1, NULL, NULL, 0),
    (93, 7, 1, NULL, NULL, 0),
    (93, 8, 1, NULL, NULL, 0),
    (93, 9, 1, NULL, NULL, 0),
    (93, 10, 1, NULL, NULL, 0),
    (93, 11, 1, NULL, NULL, 0),
    (93, 12, 1, NULL, NULL, 0),
    (93, 13, 1, NULL, NULL, 0),
    (93, 14, 1, NULL, NULL, 0),
    (93, 15, 1, NULL, NULL, 0),
    (93, 16, 1, NULL, NULL, 0),
    (93, 17, 1, NULL, NULL, 0),
    (93, 18, 1, NULL, NULL, 0),
    (93, 19, 1, NULL, NULL, 0),
    (93, 20, 1, NULL, NULL, 0),
    (93, 21, 1, NULL, NULL, 0),
    (93, 22, 1, NULL, NULL, 0),
    (93, 23, 1, NULL, NULL, 0),
    (93, 24, 1, NULL, NULL, 0),
    (93, 25, 1, NULL, NULL, 0),
    (93, 26, 1, NULL, NULL, 0),
    (94, 7, 1, NULL, NULL, 0),
    (94, 8, 1, NULL, NULL, 0),
    (94, 9, 1, NULL, NULL, 0),
    (94, 10, 1, NULL, NULL, 0),
    (94, 11, 1, NULL, NULL, 0),
    (94, 12, 1, NULL, NULL, 0),
    (94, 13, 1, NULL, NULL, 0),
    (94, 14, 1, NULL, NULL, 0),
    (94, 15, 1, NULL, NULL, 0),
    (94, 16, 1, NULL, NULL, 0),
    (94, 17, 1, NULL, NULL, 0),
    (94, 18, 1, NULL, NULL, 0),
    (94, 19, 1, NULL, NULL, 0),
    (94, 20, 1, NULL, NULL, 0),
    (94, 21, 1, NULL, NULL, 0),
    (94, 22, 1, NULL, NULL, 0),
    (94, 23, 1, NULL, NULL, 0),
    (94, 24, 1, NULL, NULL, 0),
    (94, 25, 1, NULL, NULL, 0),
    (94, 26, 1, NULL, NULL, 0),
    (95, 7, 1, NULL, NULL, 0),
    (95, 8, 1, NULL, NULL, 0),
    (95, 9, 1, NULL, NULL, 0),
    (95, 10, 1, NULL, NULL, 0),
    (95, 11, 1, NULL, NULL, 0),
    (95, 12, 1, NULL, NULL, 0),
    (95, 13, 1, NULL, NULL, 0),
    (95, 14, 1, NULL, NULL, 0),
    (95, 15, 1, NULL, NULL, 0),
    (95, 16, 1, NULL, NULL, 0),
    (95, 17, 1, NULL, NULL, 0),
    (95, 18, 1, NULL, NULL, 0),
    (95, 19, 1, NULL, NULL, 0),
    (95, 20, 1, NULL, NULL, 0),
    (95, 21, 1, NULL, NULL, 0),
    (95, 22, 1, NULL, NULL, 0),
    (95, 23, 1, NULL, NULL, 0),
    (95, 24, 1, NULL, NULL, 0),
    (95, 25, 1, NULL, NULL, 0),
    (95, 26, 1, NULL, NULL, 0),
    (96, 7, 1, NULL, NULL, 0),
    (96, 8, 1, NULL, NULL, 0),
    (96, 9, 1, NULL, NULL, 0),
    (96, 10, 1, NULL, NULL, 0),
    (96, 11, 1, NULL, NULL, 0),
    (96, 12, 1, NULL, NULL, 0),
    (96, 13, 1, NULL, NULL, 0),
    (96, 14, 1, NULL, NULL, 0),
    (96, 15, 1, NULL, NULL, 0),
    (96, 16, 1, NULL, NULL, 0),
    (96, 17, 1, NULL, NULL, 0),
    (96, 18, 1, NULL, NULL, 0),
    (96, 19, 1, NULL, NULL, 0),
    (96, 20, 1, NULL, NULL, 0),
    (96, 21, 1, NULL, NULL, 0),
    (96, 22, 1, NULL, NULL, 0),
    (96, 23, 1, NULL, NULL, 0),
    (96, 24, 1, NULL, NULL, 0),
    (96, 25, 1, NULL, NULL, 0),
    (96, 26, 1, NULL, NULL, 0),
    (97, 7, 2, NULL, NULL, 0),
    (97, 8, 2, NULL, NULL, 0),
    (97, 9, 2, NULL, NULL, 0),
    (97, 10, 2, NULL, NULL, 0),
    (97, 11, 2, NULL, NULL, 0),
    (97, 12, 2, NULL, NULL, 0),
    (97, 13, 2, NULL, NULL, 0),
    (97, 14, 2, NULL, NULL, 0),
    (97, 15, 2, NULL, NULL, 0),
    (97, 16, 2, NULL, NULL, 0),
    (97, 17, 2, NULL, NULL, 0),
    (97, 18, 2, NULL, NULL, 0),
    (97, 19, 2, NULL, NULL, 0),
    (97, 20, 2, NULL, NULL, 0),
    (97, 21, 2, NULL, NULL, 0),
    (97, 22, 2, NULL, NULL, 0),
    (97, 23, 2, NULL, NULL, 0),
    (97, 24, 2, NULL, NULL, 0),
    (97, 25, 2, NULL, NULL, 0),
    (97, 26, 2, NULL, NULL, 0),
    (98, 7, 1, NULL, NULL, 0),
    (98, 8, 1, NULL, NULL, 0),
    (98, 9, 1, NULL, NULL, 0),
    (98, 10, 1, NULL, NULL, 0),
    (98, 11, 1, NULL, NULL, 0),
    (98, 12, 1, NULL, NULL, 0),
    (98, 13, 1, NULL, NULL, 0),
    (98, 14, 1, NULL, NULL, 0),
    (98, 15, 1, NULL, NULL, 0),
    (98, 16, 1, NULL, NULL, 0),
    (98, 17, 1, NULL, NULL, 0),
    (98, 18, 1, NULL, NULL, 0),
    (98, 19, 1, NULL, NULL, 0),
    (98, 20, 1, NULL, NULL, 0),
    (98, 21, 1, NULL, NULL, 0),
    (98, 22, 1, NULL, NULL, 0);

INSERT INTO
    `grade` (
        `RubricId`,
        `StudentId`,
        `Mark`,
        `InstructorComment`,
        `StudentComment`,
        `Archive`
    )
VALUES
    (98, 23, 1, NULL, NULL, 0),
    (98, 24, 1, NULL, NULL, 0),
    (98, 25, 1, NULL, NULL, 0),
    (98, 26, 1, NULL, NULL, 0),
    (99, 7, 1, NULL, NULL, 0),
    (99, 8, 1, NULL, NULL, 0),
    (99, 9, 1, NULL, NULL, 0),
    (99, 10, 1, NULL, NULL, 0),
    (99, 11, 1, NULL, NULL, 0),
    (99, 12, 1, NULL, NULL, 0),
    (99, 13, 1, NULL, NULL, 0),
    (99, 14, 1, NULL, NULL, 0),
    (99, 15, 1, NULL, NULL, 0),
    (99, 16, 1, NULL, NULL, 0),
    (99, 17, 1, NULL, NULL, 0),
    (99, 18, 1, NULL, NULL, 0),
    (99, 19, 1, NULL, NULL, 0),
    (99, 20, 1, NULL, NULL, 0),
    (99, 21, 1, NULL, NULL, 0),
    (99, 22, 1, NULL, NULL, 0),
    (99, 23, 1, NULL, NULL, 0),
    (99, 24, 1, NULL, NULL, 0),
    (99, 25, 1, NULL, NULL, 0),
    (99, 26, 1, NULL, NULL, 0),
    (100, 7, 1, NULL, NULL, 0),
    (100, 8, 1, NULL, NULL, 0),
    (100, 9, 1, NULL, NULL, 0),
    (100, 10, 1, NULL, NULL, 0),
    (100, 11, 1, NULL, NULL, 0),
    (100, 12, 1, NULL, NULL, 0),
    (100, 13, 1, NULL, NULL, 0),
    (100, 14, 1, NULL, NULL, 0),
    (100, 15, 1, NULL, NULL, 0),
    (100, 16, 1, NULL, NULL, 0),
    (100, 17, 1, NULL, NULL, 0),
    (100, 18, 1, NULL, NULL, 0),
    (100, 19, 1, NULL, NULL, 0),
    (100, 20, 1, NULL, NULL, 0),
    (100, 21, 1, NULL, NULL, 0),
    (100, 22, 1, NULL, NULL, 0),
    (100, 23, 1, NULL, NULL, 0),
    (100, 24, 1, NULL, NULL, 0),
    (100, 25, 1, NULL, NULL, 0),
    (100, 26, 1, NULL, NULL, 0),
    (101, 7, 1, NULL, NULL, 0),
    (101, 8, 1, NULL, NULL, 0),
    (101, 9, 1, NULL, NULL, 0),
    (101, 10, 1, NULL, NULL, 0),
    (101, 11, 1, NULL, NULL, 0),
    (101, 12, 1, NULL, NULL, 0),
    (101, 13, 1, NULL, NULL, 0),
    (101, 14, 1, NULL, NULL, 0),
    (101, 15, 1, NULL, NULL, 0),
    (101, 16, 1, NULL, NULL, 0),
    (101, 17, 1, NULL, NULL, 0),
    (101, 18, 1, NULL, NULL, 0),
    (101, 19, 1, NULL, NULL, 0),
    (101, 20, 1, NULL, NULL, 0),
    (101, 21, 1, NULL, NULL, 0),
    (101, 22, 1, NULL, NULL, 0),
    (101, 23, 1, NULL, NULL, 0),
    (101, 24, 1, NULL, NULL, 0),
    (101, 25, 1, NULL, NULL, 0),
    (101, 26, 1, NULL, NULL, 0),
    (102, 7, 1, NULL, NULL, 0),
    (102, 8, 1, NULL, NULL, 0),
    (102, 9, 1, NULL, NULL, 0),
    (102, 10, 1, NULL, NULL, 0),
    (102, 11, 1, NULL, NULL, 0),
    (102, 12, 1, NULL, NULL, 0),
    (102, 13, 1, NULL, NULL, 0),
    (102, 14, 1, NULL, NULL, 0),
    (102, 15, 1, NULL, NULL, 0),
    (102, 16, 1, NULL, NULL, 0),
    (102, 17, 1, NULL, NULL, 0),
    (102, 18, 1, NULL, NULL, 0),
    (102, 19, 1, NULL, NULL, 0),
    (102, 20, 1, NULL, NULL, 0),
    (102, 21, 1, NULL, NULL, 0),
    (102, 22, 1, NULL, NULL, 0),
    (102, 23, 1, NULL, NULL, 0),
    (102, 24, 1, NULL, NULL, 0),
    (102, 25, 1, NULL, NULL, 0),
    (102, 26, 1, NULL, NULL, 0),
    (103, 7, 1, NULL, NULL, 0),
    (103, 8, 1, NULL, NULL, 0),
    (103, 9, 1, NULL, NULL, 0),
    (103, 10, 1, NULL, NULL, 0),
    (103, 11, 1, NULL, NULL, 0),
    (103, 12, 1, NULL, NULL, 0),
    (103, 13, 1, NULL, NULL, 0),
    (103, 14, 1, NULL, NULL, 0),
    (103, 15, 1, NULL, NULL, 0),
    (103, 16, 1, NULL, NULL, 0),
    (103, 17, 1, NULL, NULL, 0),
    (103, 18, 1, NULL, NULL, 0),
    (103, 19, 1, NULL, NULL, 0),
    (103, 20, 1, NULL, NULL, 0),
    (103, 21, 1, NULL, NULL, 0),
    (103, 22, 1, NULL, NULL, 0),
    (103, 23, 1, NULL, NULL, 0),
    (103, 24, 1, NULL, NULL, 0),
    (103, 25, 1, NULL, NULL, 0),
    (103, 26, 1, NULL, NULL, 0),
    (104, 7, 1, NULL, NULL, 0),
    (104, 8, 1, NULL, NULL, 0),
    (104, 9, 1, NULL, NULL, 0),
    (104, 10, 1, NULL, NULL, 0),
    (104, 11, 1, NULL, NULL, 0),
    (104, 12, 1, NULL, NULL, 0),
    (104, 13, 1, NULL, NULL, 0),
    (104, 14, 1, NULL, NULL, 0),
    (104, 15, 1, NULL, NULL, 0),
    (104, 16, 1, NULL, NULL, 0),
    (104, 17, 1, NULL, NULL, 0),
    (104, 18, 1, NULL, NULL, 0),
    (104, 19, 1, NULL, NULL, 0),
    (104, 20, 1, NULL, NULL, 0),
    (104, 21, 1, NULL, NULL, 0),
    (104, 22, 1, NULL, NULL, 0),
    (104, 23, 1, NULL, NULL, 0),
    (104, 24, 1, NULL, NULL, 0),
    (104, 25, 1, NULL, NULL, 0),
    (104, 26, 1, NULL, NULL, 0),
    (105, 7, 1, NULL, NULL, 0),
    (105, 8, 1, NULL, NULL, 0),
    (105, 9, 1, NULL, NULL, 0),
    (105, 10, 1, NULL, NULL, 0),
    (105, 11, 1, NULL, NULL, 0),
    (105, 12, 1, NULL, NULL, 0),
    (105, 13, 1, NULL, NULL, 0),
    (105, 14, 1, NULL, NULL, 0),
    (105, 15, 1, NULL, NULL, 0),
    (105, 16, 1, NULL, NULL, 0),
    (105, 17, 1, NULL, NULL, 0),
    (105, 18, 1, NULL, NULL, 0),
    (105, 19, 1, NULL, NULL, 0),
    (105, 20, 1, NULL, NULL, 0),
    (105, 21, 1, NULL, NULL, 0),
    (105, 22, 1, NULL, NULL, 0),
    (105, 23, 1, NULL, NULL, 0),
    (105, 24, 1, NULL, NULL, 0),
    (105, 25, 1, NULL, NULL, 0),
    (105, 26, 1, NULL, NULL, 0),
    (106, 7, 1, NULL, NULL, 0),
    (106, 8, 1, NULL, NULL, 0),
    (106, 9, 1, NULL, NULL, 0),
    (106, 10, 1, NULL, NULL, 0),
    (106, 11, 1, NULL, NULL, 0),
    (106, 12, 1, NULL, NULL, 0),
    (106, 13, 1, NULL, NULL, 0),
    (106, 14, 1, NULL, NULL, 0),
    (106, 15, 1, NULL, NULL, 0),
    (106, 16, 1, NULL, NULL, 0),
    (106, 17, 1, NULL, NULL, 0),
    (106, 18, 1, NULL, NULL, 0),
    (106, 19, 1, NULL, NULL, 0),
    (106, 20, 1, NULL, NULL, 0),
    (106, 21, 1, NULL, NULL, 0),
    (106, 22, 1, NULL, NULL, 0),
    (106, 23, 1, NULL, NULL, 0),
    (106, 24, 1, NULL, NULL, 0),
    (106, 25, 1, NULL, NULL, 0),
    (106, 26, 1, NULL, NULL, 0),
    (107, 7, 1, NULL, NULL, 0),
    (107, 8, 1, NULL, NULL, 0),
    (107, 9, 1, NULL, NULL, 0),
    (107, 10, 1, NULL, NULL, 0),
    (107, 11, 1, NULL, NULL, 0),
    (107, 12, 1, NULL, NULL, 0),
    (107, 13, 1, NULL, NULL, 0),
    (107, 14, 1, NULL, NULL, 0),
    (107, 15, 1, NULL, NULL, 0),
    (107, 16, 1, NULL, NULL, 0),
    (107, 17, 1, NULL, NULL, 0),
    (107, 18, 1, NULL, NULL, 0),
    (107, 19, 1, NULL, NULL, 0),
    (107, 20, 1, NULL, NULL, 0),
    (107, 21, 1, NULL, NULL, 0),
    (107, 22, 1, NULL, NULL, 0),
    (107, 23, 1, NULL, NULL, 0),
    (107, 24, 1, NULL, NULL, 0),
    (107, 25, 1, NULL, NULL, 0),
    (107, 26, 1, NULL, NULL, 0),
    (108, 7, 1, NULL, NULL, 0),
    (108, 8, 1, NULL, NULL, 0),
    (108, 9, 1, NULL, NULL, 0),
    (108, 10, 1, NULL, NULL, 0),
    (108, 11, 1, NULL, NULL, 0),
    (108, 12, 1, NULL, NULL, 0),
    (108, 13, 1, NULL, NULL, 0),
    (108, 14, 1, NULL, NULL, 0),
    (108, 15, 1, NULL, NULL, 0),
    (108, 16, 1, NULL, NULL, 0),
    (108, 17, 1, NULL, NULL, 0),
    (108, 18, 1, NULL, NULL, 0),
    (108, 19, 1, NULL, NULL, 0),
    (108, 20, 1, NULL, NULL, 0),
    (108, 21, 1, NULL, NULL, 0),
    (108, 22, 1, NULL, NULL, 0),
    (108, 23, 1, NULL, NULL, 0),
    (108, 24, 1, NULL, NULL, 0),
    (108, 25, 1, NULL, NULL, 0),
    (108, 26, 1, NULL, NULL, 0),
    (109, 7, 1, NULL, NULL, 0),
    (109, 8, 1, NULL, NULL, 0),
    (109, 9, 1, NULL, NULL, 0),
    (109, 10, 1, NULL, NULL, 0),
    (109, 11, 1, NULL, NULL, 0),
    (109, 12, 1, NULL, NULL, 0),
    (109, 13, 1, NULL, NULL, 0),
    (109, 14, 1, NULL, NULL, 0),
    (109, 15, 1, NULL, NULL, 0),
    (109, 16, 1, NULL, NULL, 0),
    (109, 17, 1, NULL, NULL, 0),
    (109, 18, 1, NULL, NULL, 0),
    (109, 19, 1, NULL, NULL, 0),
    (109, 20, 1, NULL, NULL, 0),
    (109, 21, 1, NULL, NULL, 0),
    (109, 22, 1, NULL, NULL, 0),
    (109, 23, 1, NULL, NULL, 0),
    (109, 24, 1, NULL, NULL, 0),
    (109, 25, 1, NULL, NULL, 0),
    (109, 26, 1, NULL, NULL, 0),
    (110, 7, 1, NULL, NULL, 0),
    (110, 8, 1, NULL, NULL, 0),
    (110, 9, 1, NULL, NULL, 0),
    (110, 10, 1, NULL, NULL, 0),
    (110, 11, 1, NULL, NULL, 0),
    (110, 12, 1, NULL, NULL, 0),
    (110, 13, 1, NULL, NULL, 0),
    (110, 14, 1, NULL, NULL, 0),
    (110, 15, 1, NULL, NULL, 0),
    (110, 16, 1, NULL, NULL, 0),
    (110, 17, 1, NULL, NULL, 0),
    (110, 18, 1, NULL, NULL, 0),
    (110, 19, 1, NULL, NULL, 0),
    (110, 20, 1, NULL, NULL, 0),
    (110, 21, 1, NULL, NULL, 0),
    (110, 22, 1, NULL, NULL, 0),
    (110, 23, 1, NULL, NULL, 0),
    (110, 24, 1, NULL, NULL, 0),
    (110, 25, 1, NULL, NULL, 0),
    (110, 26, 1, NULL, NULL, 0),
    (111, 7, 1, NULL, NULL, 0),
    (111, 8, 1, NULL, NULL, 0),
    (111, 9, 1, NULL, NULL, 0),
    (111, 10, 1, NULL, NULL, 0),
    (111, 11, 1, NULL, NULL, 0),
    (111, 12, 1, NULL, NULL, 0),
    (111, 13, 1, NULL, NULL, 0),
    (111, 14, 1, NULL, NULL, 0),
    (111, 15, 1, NULL, NULL, 0),
    (111, 16, 1, NULL, NULL, 0),
    (111, 17, 1, NULL, NULL, 0),
    (111, 18, 1, NULL, NULL, 0),
    (111, 19, 1, NULL, NULL, 0),
    (111, 20, 1, NULL, NULL, 0),
    (111, 21, 1, NULL, NULL, 0),
    (111, 22, 1, NULL, NULL, 0),
    (111, 23, 1, NULL, NULL, 0),
    (111, 24, 1, NULL, NULL, 0),
    (111, 25, 1, NULL, NULL, 0),
    (111, 26, 1, NULL, NULL, 0),
    (112, 7, 1, NULL, NULL, 0),
    (112, 8, 1, NULL, NULL, 0),
    (112, 9, 1, NULL, NULL, 0),
    (112, 10, 1, NULL, NULL, 0),
    (112, 11, 1, NULL, NULL, 0),
    (112, 12, 1, NULL, NULL, 0),
    (112, 13, 1, NULL, NULL, 0),
    (112, 14, 1, NULL, NULL, 0),
    (112, 15, 1, NULL, NULL, 0),
    (112, 16, 1, NULL, NULL, 0),
    (112, 17, 1, NULL, NULL, 0),
    (112, 18, 1, NULL, NULL, 0),
    (112, 19, 1, NULL, NULL, 0),
    (112, 20, 1, NULL, NULL, 0),
    (112, 21, 1, NULL, NULL, 0),
    (112, 22, 1, NULL, NULL, 0),
    (112, 23, 1, NULL, NULL, 0),
    (112, 24, 1, NULL, NULL, 0),
    (112, 25, 1, NULL, NULL, 0),
    (112, 26, 1, NULL, NULL, 0),
    (113, 7, 1, NULL, NULL, 0),
    (113, 8, 1, NULL, NULL, 0),
    (113, 9, 1, NULL, NULL, 0),
    (113, 10, 1, NULL, NULL, 0),
    (113, 11, 1, NULL, NULL, 0),
    (113, 12, 1, NULL, NULL, 0),
    (113, 13, 1, NULL, NULL, 0),
    (113, 14, 1, NULL, NULL, 0),
    (113, 15, 1, NULL, NULL, 0),
    (113, 16, 1, NULL, NULL, 0),
    (113, 17, 1, NULL, NULL, 0),
    (113, 18, 1, NULL, NULL, 0),
    (113, 19, 1, NULL, NULL, 0),
    (113, 20, 1, NULL, NULL, 0),
    (113, 21, 1, NULL, NULL, 0),
    (113, 22, 1, NULL, NULL, 0),
    (113, 23, 1, NULL, NULL, 0),
    (113, 24, 1, NULL, NULL, 0),
    (113, 25, 1, NULL, NULL, 0),
    (113, 26, 1, NULL, NULL, 0),
    (114, 7, 1, NULL, NULL, 0),
    (114, 8, 1, NULL, NULL, 0),
    (114, 9, 1, NULL, NULL, 0),
    (114, 10, 1, NULL, NULL, 0),
    (114, 11, 1, NULL, NULL, 0),
    (114, 12, 1, NULL, NULL, 0),
    (114, 13, 1, NULL, NULL, 0),
    (114, 14, 1, NULL, NULL, 0),
    (114, 15, 1, NULL, NULL, 0),
    (114, 16, 1, NULL, NULL, 0),
    (114, 17, 1, NULL, NULL, 0),
    (114, 18, 1, NULL, NULL, 0),
    (114, 19, 1, NULL, NULL, 0),
    (114, 20, 1, NULL, NULL, 0),
    (114, 21, 1, NULL, NULL, 0),
    (114, 22, 1, NULL, NULL, 0),
    (114, 23, 1, NULL, NULL, 0),
    (114, 24, 1, NULL, NULL, 0),
    (114, 25, 1, NULL, NULL, 0),
    (114, 26, 1, NULL, NULL, 0),
    (115, 7, 1, NULL, NULL, 0),
    (116, 7, 1, NULL, NULL, 0),
    (117, 7, 1, NULL, NULL, 0),
    (118, 7, 1, NULL, NULL, 0),
    (119, 7, 1, NULL, NULL, 0),
    (120, 7, 1, NULL, NULL, 0),
    (121, 7, 1, NULL, NULL, 0),
    (122, 7, 1, NULL, NULL, 0),
    (123, 7, 1, NULL, NULL, 0),
    (124, 7, 1, NULL, NULL, 0),
    (125, 7, 1, NULL, NULL, 0),
    (126, 7, 1, NULL, NULL, 0),
    (127, 7, 1, NULL, NULL, 0),
    (128, 7, 1, NULL, NULL, 0),
    (129, 7, 1, NULL, NULL, 0),
    (130, 7, 1, NULL, NULL, 0),
    (131, 7, 1, NULL, NULL, 0),
    (132, 7, 1, NULL, NULL, 0),
    (133, 7, 1, NULL, NULL, 0),
    (115, 8, 1, NULL, NULL, 0),
    (116, 8, 1, NULL, NULL, 0),
    (117, 8, 1, NULL, NULL, 0),
    (118, 8, 1, NULL, NULL, 0),
    (119, 8, 1, NULL, NULL, 0),
    (120, 8, 1, NULL, NULL, 0),
    (121, 8, 1, NULL, NULL, 0),
    (122, 8, 1, NULL, NULL, 0),
    (123, 8, 1, NULL, NULL, 0),
    (124, 8, 1, NULL, NULL, 0),
    (125, 8, 1, NULL, NULL, 0),
    (126, 8, 1, NULL, NULL, 0),
    (127, 8, 1, NULL, NULL, 0),
    (128, 8, 1, NULL, NULL, 0),
    (129, 8, 1, NULL, NULL, 0),
    (130, 8, 1, NULL, NULL, 0),
    (131, 8, 1, NULL, NULL, 0),
    (132, 8, 1, NULL, NULL, 0),
    (133, 8, 1, NULL, NULL, 0),
    (115, 9, 1, NULL, NULL, 0),
    (116, 9, 1, NULL, NULL, 0),
    (117, 9, 1, NULL, NULL, 0),
    (118, 9, 1, NULL, NULL, 0),
    (119, 9, 1, NULL, NULL, 0),
    (120, 9, 1, NULL, NULL, 0),
    (121, 9, 1, NULL, NULL, 0),
    (122, 9, 1, NULL, NULL, 0),
    (123, 9, 1, NULL, NULL, 0),
    (124, 9, 1, NULL, NULL, 0),
    (125, 9, 1, NULL, NULL, 0),
    (126, 9, 1, NULL, NULL, 0),
    (127, 9, 1, NULL, NULL, 0),
    (128, 9, 1, NULL, NULL, 0),
    (129, 9, 1, NULL, NULL, 0),
    (130, 9, 1, NULL, NULL, 0),
    (131, 9, 1, NULL, NULL, 0),
    (132, 9, 1, NULL, NULL, 0),
    (133, 9, 1, NULL, NULL, 0),
    (115, 10, 1, NULL, NULL, 0),
    (116, 10, 1, NULL, NULL, 0),
    (117, 10, 1, NULL, NULL, 0),
    (118, 10, 1, NULL, NULL, 0),
    (119, 10, 1, NULL, NULL, 0),
    (120, 10, 1, NULL, NULL, 0),
    (121, 10, 1, NULL, NULL, 0),
    (122, 10, 1, NULL, NULL, 0),
    (123, 10, 1, NULL, NULL, 0),
    (124, 10, 1, NULL, NULL, 0),
    (125, 10, 1, NULL, NULL, 0),
    (126, 10, 1, NULL, NULL, 0),
    (127, 10, 1, NULL, NULL, 0),
    (128, 10, 1, NULL, NULL, 0),
    (129, 10, 1, NULL, NULL, 0),
    (130, 10, 1, NULL, NULL, 0),
    (131, 10, 1, NULL, NULL, 0),
    (132, 10, 1, NULL, NULL, 0),
    (133, 10, 1, NULL, NULL, 0),
    (115, 11, 1, NULL, NULL, 0),
    (116, 11, 1, NULL, NULL, 0),
    (117, 11, 1, NULL, NULL, 0),
    (118, 11, 1, NULL, NULL, 0),
    (119, 11, 1, NULL, NULL, 0),
    (120, 11, 1, NULL, NULL, 0),
    (121, 11, 1, NULL, NULL, 0),
    (122, 11, 1, NULL, NULL, 0),
    (123, 11, 1, NULL, NULL, 0),
    (124, 11, 1, NULL, NULL, 0),
    (125, 11, 1, NULL, NULL, 0),
    (126, 11, 1, NULL, NULL, 0),
    (127, 11, 1, NULL, NULL, 0),
    (128, 11, 1, NULL, NULL, 0),
    (129, 11, 1, NULL, NULL, 0),
    (130, 11, 1, NULL, NULL, 0),
    (131, 11, 1, NULL, NULL, 0),
    (132, 11, 1, NULL, NULL, 0),
    (133, 11, 1, NULL, NULL, 0),
    (115, 12, 1, NULL, NULL, 0),
    (116, 12, 1, NULL, NULL, 0),
    (117, 12, 1, NULL, NULL, 0),
    (118, 12, 1, NULL, NULL, 0),
    (119, 12, 1, NULL, NULL, 0),
    (120, 12, 1, NULL, NULL, 0),
    (121, 12, 1, NULL, NULL, 0),
    (122, 12, 1, NULL, NULL, 0),
    (123, 12, 1, NULL, NULL, 0),
    (124, 12, 1, NULL, NULL, 0),
    (125, 12, 1, NULL, NULL, 0),
    (126, 12, 1, NULL, NULL, 0),
    (127, 12, 1, NULL, NULL, 0),
    (128, 12, 1, NULL, NULL, 0),
    (129, 12, 1, NULL, NULL, 0),
    (130, 12, 1, NULL, NULL, 0),
    (131, 12, 1, NULL, NULL, 0),
    (132, 12, 1, NULL, NULL, 0),
    (133, 12, 1, NULL, NULL, 0),
    (115, 13, 1, NULL, NULL, 0),
    (116, 13, 1, NULL, NULL, 0),
    (117, 13, 1, NULL, NULL, 0),
    (118, 13, 1, NULL, NULL, 0),
    (119, 13, 1, NULL, NULL, 0),
    (120, 13, 1, NULL, NULL, 0),
    (121, 13, 1, NULL, NULL, 0),
    (122, 13, 1, NULL, NULL, 0),
    (123, 13, 1, NULL, NULL, 0),
    (124, 13, 1, NULL, NULL, 0),
    (125, 13, 1, NULL, NULL, 0),
    (126, 13, 1, NULL, NULL, 0),
    (127, 13, 1, NULL, NULL, 0),
    (128, 13, 1, NULL, NULL, 0),
    (129, 13, 1, NULL, NULL, 0),
    (130, 13, 1, NULL, NULL, 0),
    (131, 13, 1, NULL, NULL, 0),
    (132, 13, 1, NULL, NULL, 0),
    (133, 13, 1, NULL, NULL, 0),
    (115, 14, 1, NULL, NULL, 0),
    (116, 14, 1, NULL, NULL, 0),
    (117, 14, 1, NULL, NULL, 0),
    (118, 14, 1, NULL, NULL, 0),
    (119, 14, 1, NULL, NULL, 0),
    (120, 14, 1, NULL, NULL, 0),
    (121, 14, 1, NULL, NULL, 0),
    (122, 14, 1, NULL, NULL, 0),
    (123, 14, 1, NULL, NULL, 0),
    (124, 14, 1, NULL, NULL, 0),
    (125, 14, 1, NULL, NULL, 0),
    (126, 14, 1, NULL, NULL, 0),
    (127, 14, 1, NULL, NULL, 0),
    (128, 14, 1, NULL, NULL, 0),
    (129, 14, 1, NULL, NULL, 0),
    (130, 14, 1, NULL, NULL, 0),
    (131, 14, 1, NULL, NULL, 0),
    (132, 14, 1, NULL, NULL, 0),
    (133, 14, 1, NULL, NULL, 0),
    (115, 15, 1, NULL, NULL, 0),
    (116, 15, 1, NULL, NULL, 0),
    (117, 15, 1, NULL, NULL, 0),
    (118, 15, 1, NULL, NULL, 0),
    (119, 15, 1, NULL, NULL, 0),
    (120, 15, 1, NULL, NULL, 0),
    (121, 15, 1, NULL, NULL, 0),
    (122, 15, 1, NULL, NULL, 0),
    (123, 15, 1, NULL, NULL, 0),
    (124, 15, 1, NULL, NULL, 0),
    (125, 15, 1, NULL, NULL, 0),
    (126, 15, 1, NULL, NULL, 0),
    (127, 15, 1, NULL, NULL, 0),
    (128, 15, 1, NULL, NULL, 0),
    (129, 15, 1, NULL, NULL, 0),
    (130, 15, 1, NULL, NULL, 0),
    (131, 15, 1, NULL, NULL, 0),
    (132, 15, 1, NULL, NULL, 0),
    (133, 15, 1, NULL, NULL, 0),
    (115, 16, 1, NULL, NULL, 0),
    (116, 16, 1, NULL, NULL, 0),
    (117, 16, 1, NULL, NULL, 0),
    (118, 16, 1, NULL, NULL, 0),
    (119, 16, 1, NULL, NULL, 0),
    (120, 16, 1, NULL, NULL, 0),
    (121, 16, 1, NULL, NULL, 0),
    (122, 16, 1, NULL, NULL, 0),
    (123, 16, 1, NULL, NULL, 0),
    (124, 16, 1, NULL, NULL, 0),
    (125, 16, 1, NULL, NULL, 0),
    (126, 16, 1, NULL, NULL, 0),
    (127, 16, 1, NULL, NULL, 0),
    (128, 16, 1, NULL, NULL, 0),
    (129, 16, 1, NULL, NULL, 0),
    (130, 16, 1, NULL, NULL, 0),
    (131, 16, 1, NULL, NULL, 0),
    (132, 16, 1, NULL, NULL, 0),
    (133, 16, 1, NULL, NULL, 0),
    (115, 17, 1, NULL, NULL, 0),
    (116, 17, 1, NULL, NULL, 0),
    (117, 17, 1, NULL, NULL, 0),
    (118, 17, 1, NULL, NULL, 0),
    (119, 17, 1, NULL, NULL, 0),
    (120, 17, 1, NULL, NULL, 0),
    (121, 17, 1, NULL, NULL, 0),
    (122, 17, 1, NULL, NULL, 0),
    (123, 17, 1, NULL, NULL, 0),
    (124, 17, 1, NULL, NULL, 0),
    (125, 17, 1, NULL, NULL, 0),
    (126, 17, 1, NULL, NULL, 0),
    (127, 17, 1, NULL, NULL, 0),
    (128, 17, 1, NULL, NULL, 0),
    (129, 17, 1, NULL, NULL, 0),
    (130, 17, 1, NULL, NULL, 0),
    (131, 17, 1, NULL, NULL, 0),
    (132, 17, 1, NULL, NULL, 0),
    (133, 17, 1, NULL, NULL, 0),
    (115, 18, 1, NULL, NULL, 0),
    (116, 18, 1, NULL, NULL, 0),
    (117, 18, 1, NULL, NULL, 0),
    (118, 18, 1, NULL, NULL, 0),
    (119, 18, 1, NULL, NULL, 0),
    (120, 18, 1, NULL, NULL, 0),
    (121, 18, 1, NULL, NULL, 0),
    (122, 18, 1, NULL, NULL, 0),
    (123, 18, 1, NULL, NULL, 0),
    (124, 18, 1, NULL, NULL, 0),
    (125, 18, 1, NULL, NULL, 0),
    (126, 18, 1, NULL, NULL, 0),
    (127, 18, 1, NULL, NULL, 0),
    (128, 18, 1, NULL, NULL, 0),
    (129, 18, 1, NULL, NULL, 0),
    (130, 18, 1, NULL, NULL, 0),
    (131, 18, 1, NULL, NULL, 0),
    (132, 18, 1, NULL, NULL, 0),
    (133, 18, 1, NULL, NULL, 0),
    (115, 19, 1, NULL, NULL, 0),
    (116, 19, 1, NULL, NULL, 0),
    (117, 19, 1, NULL, NULL, 0),
    (118, 19, 1, NULL, NULL, 0),
    (119, 19, 1, NULL, NULL, 0),
    (120, 19, 1, NULL, NULL, 0),
    (121, 19, 1, NULL, NULL, 0),
    (122, 19, 1, NULL, NULL, 0),
    (123, 19, 1, NULL, NULL, 0),
    (124, 19, 1, NULL, NULL, 0),
    (125, 19, 1, NULL, NULL, 0),
    (126, 19, 1, NULL, NULL, 0),
    (127, 19, 1, NULL, NULL, 0),
    (128, 19, 1, NULL, NULL, 0),
    (129, 19, 1, NULL, NULL, 0),
    (130, 19, 1, NULL, NULL, 0),
    (131, 19, 1, NULL, NULL, 0),
    (132, 19, 1, NULL, NULL, 0),
    (133, 19, 1, NULL, NULL, 0),
    (115, 20, 1, NULL, NULL, 0),
    (116, 20, 1, NULL, NULL, 0),
    (117, 20, 1, NULL, NULL, 0),
    (118, 20, 1, NULL, NULL, 0),
    (119, 20, 1, NULL, NULL, 0),
    (120, 20, 1, NULL, NULL, 0),
    (121, 20, 1, NULL, NULL, 0),
    (122, 20, 1, NULL, NULL, 0),
    (123, 20, 1, NULL, NULL, 0),
    (124, 20, 1, NULL, NULL, 0),
    (125, 20, 1, NULL, NULL, 0),
    (126, 20, 1, NULL, NULL, 0),
    (127, 20, 1, NULL, NULL, 0),
    (128, 20, 1, NULL, NULL, 0),
    (129, 20, 1, NULL, NULL, 0),
    (130, 20, 1, NULL, NULL, 0),
    (131, 20, 1, NULL, NULL, 0),
    (132, 20, 1, NULL, NULL, 0),
    (133, 20, 1, NULL, NULL, 0),
    (115, 21, 1, NULL, NULL, 0),
    (116, 21, 1, NULL, NULL, 0),
    (117, 21, 1, NULL, NULL, 0),
    (118, 21, 1, NULL, NULL, 0),
    (119, 21, 1, NULL, NULL, 0),
    (120, 21, 1, NULL, NULL, 0),
    (121, 21, 1, NULL, NULL, 0),
    (122, 21, 1, NULL, NULL, 0),
    (123, 21, 1, NULL, NULL, 0),
    (124, 21, 1, NULL, NULL, 0),
    (125, 21, 1, NULL, NULL, 0),
    (126, 21, 1, NULL, NULL, 0),
    (127, 21, 1, NULL, NULL, 0),
    (128, 21, 1, NULL, NULL, 0),
    (129, 21, 1, NULL, NULL, 0),
    (130, 21, 1, NULL, NULL, 0),
    (131, 21, 1, NULL, NULL, 0),
    (132, 21, 1, NULL, NULL, 0),
    (133, 21, 1, NULL, NULL, 0),
    (115, 22, 1, NULL, NULL, 0),
    (116, 22, 1, NULL, NULL, 0),
    (117, 22, 1, NULL, NULL, 0),
    (118, 22, 1, NULL, NULL, 0),
    (119, 22, 1, NULL, NULL, 0),
    (120, 22, 1, NULL, NULL, 0),
    (121, 22, 1, NULL, NULL, 0),
    (122, 22, 1, NULL, NULL, 0),
    (123, 22, 1, NULL, NULL, 0),
    (124, 22, 1, NULL, NULL, 0),
    (125, 22, 1, NULL, NULL, 0),
    (126, 22, 1, NULL, NULL, 0),
    (127, 22, 1, NULL, NULL, 0),
    (128, 22, 1, NULL, NULL, 0),
    (129, 22, 1, NULL, NULL, 0),
    (130, 22, 1, NULL, NULL, 0),
    (131, 22, 1, NULL, NULL, 0),
    (132, 22, 1, NULL, NULL, 0),
    (133, 22, 1, NULL, NULL, 0),
    (115, 23, 1, NULL, NULL, 0),
    (116, 23, 1, NULL, NULL, 0),
    (117, 23, 1, NULL, NULL, 0),
    (118, 23, 1, NULL, NULL, 0),
    (119, 23, 1, NULL, NULL, 0),
    (120, 23, 1, NULL, NULL, 0),
    (121, 23, 1, NULL, NULL, 0),
    (122, 23, 1, NULL, NULL, 0),
    (123, 23, 1, NULL, NULL, 0),
    (124, 23, 1, NULL, NULL, 0),
    (125, 23, 1, NULL, NULL, 0),
    (126, 23, 1, NULL, NULL, 0),
    (127, 23, 1, NULL, NULL, 0),
    (128, 23, 1, NULL, NULL, 0),
    (129, 23, 1, NULL, NULL, 0),
    (130, 23, 1, NULL, NULL, 0),
    (131, 23, 1, NULL, NULL, 0),
    (132, 23, 1, NULL, NULL, 0),
    (133, 23, 1, NULL, NULL, 0),
    (115, 24, 1, NULL, NULL, 0),
    (116, 24, 1, NULL, NULL, 0),
    (117, 24, 1, NULL, NULL, 0),
    (118, 24, 1, NULL, NULL, 0),
    (119, 24, 1, NULL, NULL, 0),
    (120, 24, 1, NULL, NULL, 0),
    (121, 24, 1, NULL, NULL, 0),
    (122, 24, 1, NULL, NULL, 0),
    (123, 24, 1, NULL, NULL, 0),
    (124, 24, 1, NULL, NULL, 0),
    (125, 24, 1, NULL, NULL, 0),
    (126, 24, 1, NULL, NULL, 0),
    (127, 24, 1, NULL, NULL, 0),
    (128, 24, 1, NULL, NULL, 0),
    (129, 24, 1, NULL, NULL, 0),
    (130, 24, 1, NULL, NULL, 0),
    (131, 24, 1, NULL, NULL, 0),
    (132, 24, 1, NULL, NULL, 0),
    (133, 24, 1, NULL, NULL, 0),
    (115, 25, 1, NULL, NULL, 0),
    (116, 25, 1, NULL, NULL, 0),
    (117, 25, 1, NULL, NULL, 0),
    (118, 25, 1, NULL, NULL, 0),
    (119, 25, 1, NULL, NULL, 0),
    (120, 25, 1, NULL, NULL, 0),
    (121, 25, 1, NULL, NULL, 0),
    (122, 25, 1, NULL, NULL, 0),
    (123, 25, 1, NULL, NULL, 0),
    (124, 25, 1, NULL, NULL, 0),
    (125, 25, 1, NULL, NULL, 0),
    (126, 25, 1, NULL, NULL, 0),
    (127, 25, 1, NULL, NULL, 0),
    (128, 25, 1, NULL, NULL, 0),
    (129, 25, 1, NULL, NULL, 0),
    (130, 25, 1, NULL, NULL, 0),
    (131, 25, 1, NULL, NULL, 0),
    (132, 25, 1, NULL, NULL, 0),
    (133, 25, 1, NULL, NULL, 0),
    (115, 26, 1, NULL, NULL, 0),
    (116, 26, 1, NULL, NULL, 0),
    (117, 26, 1, NULL, NULL, 0),
    (118, 26, 1, NULL, NULL, 0),
    (119, 26, 1, NULL, NULL, 0),
    (120, 26, 1, NULL, NULL, 0),
    (121, 26, 1, NULL, NULL, 0),
    (122, 26, 1, NULL, NULL, 0),
    (123, 26, 1, NULL, NULL, 0),
    (124, 26, 1, NULL, NULL, 0),
    (125, 26, 1, NULL, NULL, 0),
    (126, 26, 1, NULL, NULL, 0),
    (127, 26, 1, NULL, NULL, 0),
    (128, 26, 1, NULL, NULL, 0),
    (129, 26, 1, NULL, NULL, 0),
    (130, 26, 1, NULL, NULL, 0),
    (131, 26, 1, NULL, NULL, 0),
    (132, 26, 1, NULL, NULL, 0),
    (133, 26, 1, NULL, NULL, 0);

-- --------------------------------------------------------
COMMIT;

/*!40101 SET CHARACTER_SET_CLIENT=@OLD_CHARACTER_SET_CLIENT */
;

/*!40101 SET CHARACTER_SET_RESULTS=@OLD_CHARACTER_SET_RESULTS */
;

/*!40101 SET COLLATION_CONNECTION=@OLD_COLLATION_CONNECTION */
;